"","2020-01-01","2020-02-01","2020-03-01","2020-04-01","2020-05-01","2020-06-01","2020-07-01","2020-08-01","2020-09-01","2020-10-01","2020-11-01","2020-12-01","2021-01-01","2021-02-01","2021-03-01","2021-04-01","2021-05-01","2021-06-01","2021-07-01","2021-08-01","2021-09-01","2021-10-01","2021-11-01","2021-12-01"
"abducent nerve palsy",0.61008,0.58276,0.00002,0.00001,0.00001,0.54632,0.8127,0.01535,0.11325,0.06131,0.08311,0.38484,0.1724,0.0691,0.5323,0.4874,0.19212,0.2684,0.60741,0.25238,0.08953,0.02587,0.3371,0.20639
"accommodation disorders",0.00505,0.94324,0.00001,0.00001,0.00001,0.01364,0.00538,0.00001,0.21188,0.00001,0.00001,0.26992,0.00001,0.51718,0.43562,0.00002,0.00008,0.50259,0.00023,0.00001,0.00009,0.00001,0.00001,0.00002
"amblyopia, deprivation",0.81199,0.12975,0.00001,0.00001,0.00001,0.22796,0.46609,0.00032,0.34796,0.01694,0.00044,0.04284,0.00509,0.0032,0.25862,0.00356,0.00014,0.4654,0.0234,0.00717,0.02366,0.00041,0.00067,0.02541
"amblyopia, refractive",0.67503,0.46177,0.00001,0.00001,0.00001,0.00963,0.00618,0.00001,0.02927,0.00002,0.00001,0.0008,0.00007,0.00009,0.2665,0.00691,0.00005,0.19656,0.00178,0.00002,0.00333,0.00001,0.00012,0.00017
"amblyopia, strabismic",0.0894,0.26171,0.00001,0.00001,0.00001,0.74472,0.00073,0.00009,0.19225,0.00001,0.00102,0.44783,0.00001,0.15023,0.22901,0.00097,0.01828,0.09963,0.00087,0.25715,0.75487,0.00001,0.17716,0.39157
"amblyopia, suspect",0.12891,0.04104,0.00001,0.00001,0.00001,0.01601,0.00221,0.00003,0.00296,0.0005,0.00047,0.00247,0.00166,0.00049,0.06346,0.05554,0.00356,0.00992,0.0007,0.00013,0.00248,0.00022,0.00329,0.00084
"amblyopia, unspec",0.77005,0.88309,0.00001,0.00001,0.00001,0.27323,0.10839,0.00098,0.36068,0.0141,0.00314,0.24783,0.05684,0.07729,0.60317,0.39382,0.00523,0.84429,0.43215,0.24564,0.55257,0.01141,0.07868,0.09457
"angoid streaks of macula",0.60494,0.88524,0.00001,0.00001,0.00001,0.54343,0.83871,0.06569,0.55059,0.00552,0.05264,0.18711,0.00115,0.92951,0.36101,0.16827,0.00026,0.95633,0.02805,0.37071,0.55963,0.00144,0.05248,0.15988
"anisometropia/aniseikonia",0.85707,0.93631,0.00001,0.00001,0.00001,0.15462,0.12454,0.00133,0.11699,0.00532,0.0016,0.06271,0.03641,0.0574,0.8419,0.23352,0.01071,0.70358,0.08955,0.00555,0.03798,0.00139,0.00867,0.02337
"anterior synechiae (iris)",0.27497,0.52577,0.00001,0.00001,0.00001,0.20173,0.00059,0.00002,0.00005,0.00281,0.00981,0.20935,0.0073,0.0003,0.02697,0.00511,0.00061,0.26152,0.00571,0.00046,0.00001,0.00001,0.01922,0.00001
"anterior uveitis - acute, other/unspec",0.90568,0.92956,0.00185,0.00001,0.00001,0.0541,0.01688,0.0056,0.01067,0.00305,0.00195,0.07352,0.03168,0.09418,0.32472,0.06706,0.00197,0.16133,0.16672,0.14505,0.05465,0.00133,0.0052,0.00257
"anterior uveitis - acute, primary",0.48141,0.79708,0.00088,0.00001,0.00038,0.50008,0.51314,0.03167,0.28398,0.06888,0.02874,0.12282,0.0673,0.44595,0.63237,0.83828,0.17919,0.80529,0.87296,0.58096,0.90489,0.15472,0.27085,0.06781
"anterior uveitis - acute, recurrent",0.53193,0.47087,0.00012,0.00001,0.00034,0.49307,0.09721,0.00635,0.07529,0.01908,0.02578,0.27062,0.11421,0.11526,0.76763,0.65394,0.50705,0.55247,0.56174,0.19778,0.39644,0.1217,0.50298,0.31547
"anterior uveitis - chronic",0.99774,0.76191,0.00001,0.00001,0.00003,0.98979,0.36369,0.01024,0.30967,0.07601,0.01015,0.0482,0.07011,0.1986,0.41914,0.69941,0.1665,0.49709,0.77033,0.57539,0.70142,0.17065,0.24512,0.05342
"anterior uveitis - other",0.02091,0.01506,0.00001,0.00001,0.00001,0.05274,0.00118,0.00367,0.42955,0.15511,0.49143,0.44345,0.00197,0.00483,0.39213,0.00758,0.0294,0.98115,0.02091,0.57449,0.00626,0.96096,0.12114,0.31171
"aphakia",0.96298,0.63232,0.00001,0.00001,0.00001,0.5383,0.84386,0.0073,0.46388,0.0123,0.0348,0.42852,0.13919,0.27397,0.32603,0.786,0.04449,0.17241,0.81073,0.97718,0.57026,0.22691,0.87472,0.86514
"astigmatism",0.00735,0.45647,0.00001,0.00001,0.00001,0.02033,0.0001,0.00002,0.09221,0.00001,0.0001,0.01771,0.00001,0.00734,0.53331,0.00001,0.0008,0.40397,0.00001,0.00076,0.04684,0.00001,0.003,0.0032
"background retinopathy, unspec",0.00044,0.00028,0.00001,0.00001,0.00001,0.00084,0.00347,0.00124,0.16688,0.00001,0.00001,0.00001,0.00001,0.00001,0.00001,0.00001,0.00001,0.00027,0.00001,0.00149,0.01131,0.00001,0.00008,0.00001
"benign neoplasm - choroid",0.9748,0.50071,0.00001,0.00001,0.00001,0.01942,0.08804,0.0001,0.01126,0.00002,0.00001,0.00095,0.00006,0.00012,0.10491,0.00023,0.00001,0.01719,0.00327,0.00042,0.00239,0.00001,0.00002,0.00003
"benign neoplasm - ciliary body",0.89542,0.92779,0.00001,0.00001,0.00001,0.04921,0.17459,0.00001,0.19908,0.00129,0.00007,0.20086,0.11554,0.01687,0.8514,0.31128,0.00434,0.38925,0.04346,0.002,0.02386,0.0002,0.00039,0.01379
"benign neoplasm - conjunctiva",0.60102,0.81144,0.00001,0.00001,0.00001,0.04615,0.34592,0.00169,0.31236,0.02551,0.01383,0.23489,0.21096,0.15689,0.97226,0.65936,0.03122,0.9567,0.66668,0.08482,0.39016,0.02167,0.03648,0.06285
"benign neoplasm - eyelid",0.91607,0.5942,0.00001,0.00001,0.00001,0.00052,0.00131,0.00001,0.00008,0.00002,0.00002,0.00011,0.00028,0.00046,0.01818,0.00546,0.00017,0.02071,0.00386,0.00107,0.00074,0.00006,0.001,0.00009
"benign neoplasm - orbit",0.07387,0.69718,0.00002,0.00001,0.00001,0.0027,0.00001,0.00015,0.77952,0.00615,0.38643,0.35161,0.06563,0.2405,0.96586,0.02843,0.25957,0.83089,0.01931,0.61913,0.0066,0.44168,0.00007,0.00258
"benign neoplasm - unspec",0.76964,0.58256,0.00001,0.00001,0.00001,0.0044,0.16056,0.0001,0.02428,0.00063,0.00079,0.16363,0.00492,0.04072,0.62849,0.03337,0.00026,0.19897,0.23359,0.03613,0.05945,0.00035,0.01754,0.09473
"blebitis",0.22784,0.18499,0.00144,0.00001,0.00125,0.2617,0.31529,0.20318,0.43054,0.05926,0.85634,0.82217,0.98544,0.11545,0.62999,0.16551,0.01814,0.10564,0.20799,0.57583,0.671,0.14237,0.0354,0.10712
"blepharospasm",0.55,0.8804,0.00001,0.00001,0.00001,0.13825,0.00419,0.00082,0.01829,0.00022,0.00055,0.02386,0.00032,0.005,0.37011,0.08524,0.01338,0.46964,0.14492,0.02611,0.11807,0.0004,0.00386,0.00136
"BRAO",0.54925,0.70523,0.00001,0.00001,0.00001,0.81637,0.20296,0.00871,0.3112,0.0074,0.00092,0.21187,0.01518,0.01085,0.69144,0.36428,0.02038,0.69367,0.27963,0.08478,0.3312,0.01243,0.12896,0.0879
"BRVO",0.38625,0.1991,0.00001,0.00001,0.00001,0.00964,0.00324,0.00001,0.00299,0.00001,0.00001,0.00495,0.00002,0.00001,0.04742,0.00404,0.00001,0.01832,0.0016,0.00022,0.00583,0.00001,0.00003,0.0001
"burn, corneal/conjunctival sac",0.50431,0.01831,0.00001,0.00001,0.00008,0.04089,0.02477,0.00079,0.05849,0.65579,0.21521,0.7284,0.45952,0.00644,0.00224,0.06839,0.05217,0.12665,0.05106,0.08178,0.09517,0.83033,0.08073,0.74175
"carcinoma in situ - eye",0.50656,0.22615,0.00063,0.00001,0.00016,0.9695,0.04064,0.00144,0.00061,0.01461,0.00014,0.20863,0.26697,0.00898,0.07964,0.05887,0.00044,0.00206,0.03686,0.00225,0.0019,0.0003,0.00593,0.001
"cataract, age-related",0.00869,0.8976,0.00001,0.00001,0.00001,0.00094,0.00001,0.00001,0.02857,0.00001,0.00001,0.01061,0.00001,0.00012,0.78848,0.00001,0.00004,0.90296,0.00001,0.026,0.30911,0.00001,0.00669,0.00828
"cataract, infantile/juvenile",0.46776,0.15269,0.00142,0.00001,0.00001,0.87908,0.22025,0.48458,0.27741,0.70987,0.89401,0.13106,0.63885,0.17628,0.00016,0.02188,0.17198,0.0013,0.00802,0.01271,0.00002,0.02205,0.00283,0.00549
"cataract, secondary",0.57805,0.21109,0.00001,0.00001,0.00001,0.0954,0.07241,0.00003,0.00964,0.00016,0.00008,0.00838,0.00237,0.00075,0.25537,0.04242,0.00098,0.18355,0.02081,0.0069,0.02215,0.00046,0.01013,0.00482
"cataract, traumatic",0.60878,0.36438,0.00001,0.00001,0.00001,0.01415,0.31359,0.28188,0.24461,0.4902,0.24651,0.47545,0.2081,0.02828,0.17552,0.05189,0.00117,0.41919,0.75624,0.29419,0.00104,0.33229,0.26908,0.86961
"central serous chorioretinopathy",0.62443,0.55027,0.00001,0.00001,0.00001,0.03147,0.01994,0.00001,0.01546,0.00001,0.00001,0.00555,0.00005,0.00131,0.3131,0.05429,0.00016,0.60601,0.1587,0.03571,0.33393,0.00016,0.0022,0.00099
"chalazion",0.00146,0.02587,0.00001,0.00001,0.00001,0.00151,0.00001,0.00001,0.0732,0.00001,0.00296,0.08613,0.00001,0.00001,0.00273,0.00001,0.00001,0.00341,0.00001,0.00012,0.05852,0.00001,0.03745,0.00443
"chorioretinal scars",0.04555,0.9714,0.00001,0.00001,0.00001,0.0231,0.00014,0.00001,0.05407,0.00001,0.00001,0.00423,0.00001,0.00331,0.91655,0.00001,0.00001,0.52755,0.00004,0.00903,0.10506,0.00001,0.00113,0.0026
"chorioretinal scars following detach surg",0.78696,0.20215,0.00001,0.00001,0.00001,0.11372,0.82182,0.00825,0.60009,0.00052,0.00213,0.2723,0.00471,0.00073,0.716,0.02719,0.00024,0.89174,0.19531,0.04072,0.51699,0.00006,0.00014,0.00231
"choroidal degenerations",0.98849,0.76851,0.00001,0.00001,0.00001,0.00046,0.01924,0.00272,0.03061,0.00004,0.00279,0.01518,0.0001,0.00124,0.20301,0.04795,0.00342,0.77623,0.12528,0.06436,0.17062,0.00326,0.05377,0.09566
"choroidal detachment",0.01295,0.09904,0.00003,0.00001,0.00001,0.07001,0.00055,0.00043,0.29714,0.00027,0.00072,0.69629,0.00034,0.02432,0.96397,0.00751,0.00218,0.79936,0.00097,0.03959,0.89924,0.00061,0.05241,0.43551
"choroidal hemorrhage",0.55021,0.29649,0.00003,0.00001,0.00001,0.08443,0.02867,0.00021,0.22272,0.28842,0.00307,0.38264,0.83251,0.90715,0.0191,0.86955,0.55922,0.89746,0.17857,0.82114,0.96969,0.32979,0.83535,0.0844
"choroidal rupture",0.66688,0.83558,0.00001,0.00001,0.00001,0.04252,0.98394,0.00061,0.04483,0.00165,0.00359,0.36768,0.0805,0.40306,0.01469,0.01976,0.01205,0.76654,0.31891,0.09845,0.0195,0.0022,0.02855,0.18027
"CME post-cataract surg",0.90711,0.52526,0.00003,0.00001,0.00001,0.00261,0.00148,0.00002,0.00274,0.00014,0.00005,0.00225,0.00283,0.0029,0.13165,0.0422,0.00029,0.01469,0.01073,0.00419,0.01924,0.00011,0.00048,0.00064
"color vision deficiencies",0.23936,0.4097,0.00001,0.00001,0.00001,0.02999,0.00027,0.00033,0.17416,0.00005,0.00046,0.05851,0.00066,0.00541,0.16938,0.00251,0.00474,0.07715,0.00021,0.00489,0.03072,0.00004,0.00181,0.00344
"conjunctival degen/deposits",0.96504,0.95169,0.00001,0.00001,0.00001,0.00335,0.00771,0.00002,0.00663,0.00048,0.00042,0.03287,0.00525,0.01197,0.49579,0.06527,0.0002,0.1577,0.00668,0.00085,0.00187,0.00001,0.00186,0.00039
"conjunctival hemorrhage",0.00232,0.01022,0.00001,0.00001,0.00001,0.00016,0.00001,0.00001,0.0987,0.00007,0.03327,0.03936,0.00001,0.00005,0.00417,0.00001,0.00002,0.04737,0.00001,0.00379,0.74294,0.00344,0.77,0.27749
"conjunctival scars",0.17624,0.7134,0.0007,0.00001,0.00002,0.31681,0.01095,0.01635,0.57935,0.00052,0.07565,0.44016,0.00395,0.21974,0.15711,0.07829,0.17202,0.42862,0.02046,0.19353,0.39612,0.00027,0.14394,0.08099
"conjunctivitis - infectious",0.70983,0.7067,0.00005,0.00001,0.00001,0.00012,0.00026,0.00001,0.00016,0.00002,0.00001,0.00003,0.00001,0.00001,0.00005,0.00006,0.00001,0.0003,0.00023,0.00027,0.0008,0.00004,0.00011,0.00002
"conjunctivitis - noninfectious",0.292,0.59239,0.00001,0.00001,0.00001,0.18799,0.00194,0.00041,0.19288,0.00001,0.00563,0.46282,0.0003,0.03858,0.77652,0.00049,0.0025,0.67954,0.00047,0.07506,0.40101,0.00002,0.17456,0.26007
"conjunctivitis - other/unspec",0.9953,0.43535,0.00001,0.00001,0.00001,0.00015,0.00008,0.00001,0.00551,0.00023,0.00001,0.00025,0.00004,0.00004,0.00152,0.00576,0.00008,0.01004,0.00039,0.00052,0.02708,0.00096,0.00625,0.00151
"conjunctivitis - other/unspec acute",0.00003,0.0012,0.00001,0.00001,0.00001,0.00001,0.00001,0.00001,0.00198,0.00002,0.00261,0.0003,0.00001,0.00001,0.00001,0.00001,0.00001,0.00004,0.00001,0.00247,0.41668,0.00181,0.72293,0.03015
"conjunctivitis - other/unspec chronic",0.01441,0.01848,0.00001,0.00001,0.00001,0.00929,0.00011,0.00006,0.07858,0.00009,0.00041,0.01193,0.00006,0.00019,0.01133,0.00006,0.00028,0.02192,0.00008,0.00222,0.10415,0.0001,0.01393,0.00939
"corneal degen - arcus senilis",0.33587,0.90204,0.00001,0.00001,0.00001,0.00009,0.00219,0.00001,0.05493,0.00002,0.00003,0.10062,0.00055,0.00092,0.94474,0.02197,0.00001,0.06464,0.00096,0.00118,0.0135,0.00004,0.00045,0.00481
"corneal degen - band keratopathy",0.78468,0.26254,0.00001,0.00001,0.00001,0.18519,0.00033,0.00001,0.00613,0.00001,0.00001,0.00146,0.00003,0.004,0.86439,0.00063,0.00116,0.35198,0.00002,0.07655,0.03064,0.00001,0.00736,0.00014
"corneal degen - nodular",0.24169,0.52274,0.00001,0.00001,0.00001,0.50173,0.0011,0.00049,0.05424,0.00001,0.00063,0.15243,0.00001,0.00818,0.64474,0.00085,0.00793,0.60832,0.00029,0.06668,0.25713,0.00001,0.00993,0.02344
"corneal degen - other/unspec",0.65616,0.997,0.00065,0.00001,0.00001,0.1971,0.03617,0.0072,0.12635,0.02536,0.05091,0.7891,0.35565,0.41941,0.05567,0.10996,0.59246,0.00347,0.87503,0.91863,0.26182,0.00375,0.43333,0.34744
"corneal degen - peripheral",0.45259,0.89896,0.00011,0.00001,0.00001,0.00627,0.00108,0.00043,0.00025,0.00007,0.00001,0.00006,0.00002,0.00001,0.00009,0.00003,0.00001,0.00011,0.00002,0.00003,0.00001,0.00003,0.00018,0.00001
"corneal edemas",0.00473,0.08031,0.00001,0.00001,0.00001,0.01044,0.00001,0.00001,0.00137,0.00001,0.00001,0.0616,0.00001,0.00003,0.46452,0.00004,0.00015,0.62905,0.00003,0.0129,0.05041,0.00001,0.00224,0.00753
"corneal membrane changes",0.0015,0.13336,0.00001,0.00001,0.00001,0.00027,0.00001,0.00001,0.00124,0.00407,0.9415,0.00962,0.00152,0.00486,0.25866,0.00728,0.05469,0.33692,0.01472,0.29872,0.86708,0.08938,0.63644,0.4629
"corneal neovascularization",0.55917,0.82985,0.00001,0.00001,0.00001,0.02362,0.01439,0.00003,0.00477,0.00036,0.00032,0.0244,0.00411,0.06778,0.89539,0.63859,0.00111,0.53214,0.05489,0.01446,0.00795,0.00009,0.00792,0.00031
"corneal pigmentations/deposits",0.65124,0.95485,0.00001,0.00001,0.00001,0.22015,0.00007,0.00006,0.05756,0.00001,0.00296,0.39207,0.00028,0.06127,0.3093,0.00108,0.00606,0.4849,0.00013,0.06261,0.45777,0.00001,0.05948,0.07162
"corneal scars/opacities - central",0.65955,0.37028,0.00001,0.00001,0.00001,0.03862,0.00678,0.00001,0.00406,0.00002,0.00001,0.02188,0.00003,0.00011,0.98032,0.13285,0.0001,0.26465,0.00153,0.00855,0.00261,0.00001,0.00002,0.00003
"corneal scars/opacities - minor/other",0.88125,0.80004,0.00001,0.00001,0.00001,0.01022,0.00323,0.00001,0.0029,0.00001,0.00001,0.02661,0.00047,0.00044,0.7395,0.07222,0.00002,0.52333,0.01719,0.00591,0.02717,0.00001,0.00308,0.00073
"corneal transplant failure",0.00031,0.00093,0.00001,0.00001,0.00001,0.00141,0.00001,0.00001,0.00001,0.00001,0.00001,0.00001,0.00001,0.00001,0.00102,0.00001,0.00001,0.00001,0.00001,0.00001,0.00001,0.00001,0.00001,0.00001
"corneal transplant rejection",0.59575,0.01384,0.00001,0.00001,0.00001,0.46047,0.00805,0.00001,0.00208,0.00002,0.00001,0.00002,0.00001,0.00001,0.39054,0.00032,0.00001,0.04844,0.00006,0.00046,0.00001,0.00001,0.00001,0.00001
"corneal ulcer - perforated",0.11916,0.61201,0.00023,0.00001,0.28297,0.80659,0.4533,0.11015,0.11064,0.002,0.1268,0.34795,0.24445,0.00255,0.58718,0.25385,0.05334,0.15646,0.00319,0.0388,0.00054,0.00122,0.00081,0.00004
"corneal ulcer - unperforated, iso epi defect",0.00247,0.01566,0.00002,0.00001,0.00001,0.00415,0.00001,0.00004,0.3708,0.00207,0.28601,0.78294,0.00007,0.00025,0.02252,0.00003,0.00024,0.09449,0.00004,0.01589,0.67691,0.0105,0.47759,0.7595
"corneal ulcer - unperforated, w/ str involv",0.17872,0.55539,0.00002,0.00001,0.00001,0.02269,0.02371,0.00059,0.00715,0.0022,0.00177,0.02727,0.00536,0.03674,0.33995,0.3832,0.01442,0.41333,0.12776,0.15536,0.16309,0.00359,0.0722,0.0092
"corrosion, cornea/conjunctival sac",0.93468,0.81167,0.06454,0.00148,0.12727,0.20337,0.13258,0.98509,0.90773,0.27093,0.37643,0.96578,0.43201,0.71357,0.30069,0.43006,0.25084,0.00348,0.10347,0.09762,0.10129,0.29688,0.17618,0.30228
"CRAO",0.63747,0.90522,0.00001,0.00001,0.00001,0.94277,0.95974,0.03537,0.47214,0.03733,0.01684,0.27009,0.16326,0.18252,0.31989,0.85902,0.1139,0.87123,0.66665,0.63922,0.89494,0.03712,0.20634,0.04939
"CRVO",0.44791,0.33183,0.00001,0.00001,0.00002,0.24666,0.09322,0.00014,0.061,0.00127,0.00102,0.12294,0.00182,0.00195,0.20968,0.13896,0.00393,0.45602,0.06293,0.00796,0.07213,0.00095,0.02174,0.02374
"cystoid macular degeneration",0.48415,0.23961,0.00001,0.00001,0.00001,0.08004,0.01929,0.00001,0.01968,0.00006,0.00002,0.05358,0.00043,0.00104,0.56465,0.11992,0.00028,0.47228,0.19866,0.03621,0.44049,0.00126,0.00697,0.01565
"dacryoadenitis - acute",0.25829,0.86859,0.00013,0.00001,0.00007,0.29515,0.06089,0.06593,0.061,0.03513,0.06069,0.0933,0.17608,0.53933,0.5897,0.77182,0.14419,0.5836,0.1732,0.39496,0.15187,0.16057,0.80736,0.62408
"dacryoadenitis - chronic",0.88673,0.8927,0.00272,0.00001,0.00001,0.18553,0.02109,0.00198,0.56658,0.31247,0.16823,0.97163,0.92184,0.20103,0.41587,0.77186,0.61279,0.60777,0.19989,0.07544,0.11618,0.37095,0.28237,0.4942
"dermatochalasis",0.79549,0.37605,0.00001,0.00001,0.00001,0.00877,0.00426,0.00001,0.00029,0.00011,0.00008,0.01605,0.00118,0.00133,0.45194,0.03152,0.00012,0.21899,0.03236,0.01085,0.00632,0.00001,0.00451,0.00035
"diplopia",0.89805,0.72796,0.00001,0.00001,0.00001,0.29771,0.15672,0.00068,0.06814,0.002,0.00122,0.06397,0.019,0.01287,0.60648,0.31805,0.02761,0.79406,0.47786,0.21745,0.30919,0.00425,0.07638,0.07485
"DME resolved after tx",0.68002,0.19513,0.00001,0.00001,0.00001,0.1664,0.00105,0.00001,0.0002,0.0007,0.00013,0.56784,0.00001,0.00001,0.0005,0.00001,0.00001,0.00002,0.00001,0.00001,0.00003,0.00001,0.00001,0.00001
"drusen of macula",0.73308,0.41577,0.00001,0.00001,0.00001,0.00083,0.01698,0.00001,0.00524,0.00001,0.00001,0.00029,0.00001,0.00001,0.05196,0.00005,0.00001,0.01663,0.00097,0.00013,0.00259,0.00001,0.00002,0.00002
"dry AMD, adv stage w/ subfov involv",0.66052,0.57356,0.00001,0.00001,0.00001,0.80008,0.64607,0.00382,0.05225,0.00035,0.00058,0.06862,0.03988,0.01108,0.66888,0.18001,0.0241,0.986,0.45467,0.11365,0.32829,0.00932,0.17152,0.19184
"dry AMD, adv stage w/o subfov involv",0.20285,0.52168,0.00001,0.00001,0.00001,0.97823,0.02199,0.00147,0.23176,0.00001,0.00005,0.19731,0.00016,0.05567,0.37442,0.01037,0.03108,0.92585,0.01178,0.59563,0.74317,0.00005,0.40721,0.33599
"dry AMD, early stage",0.8311,0.4611,0.00001,0.00001,0.00001,0.14536,0.11366,0.00003,0.00821,0.00001,0.00004,0.01067,0.00238,0.00048,0.36335,0.01177,0.00018,0.22959,0.04536,0.00472,0.02134,0.00004,0.00548,0.00294
"dry AMD, intermediate stage",0.95236,0.3183,0.00001,0.00001,0.00001,0.08697,0.04943,0.00001,0.00824,0.00001,0.00001,0.00212,0.00002,0.00003,0.19562,0.0008,0.00001,0.03035,0.00491,0.00048,0.0278,0.00001,0.00005,0.0001
"dry eye syndrome",0.81434,0.38842,0.00001,0.00001,0.00001,0.078,0.07864,0.00006,0.01828,0.00033,0.0002,0.02919,0.00568,0.00488,0.6266,0.11969,0.00398,0.57681,0.11403,0.02129,0.05799,0.00057,0.02224,0.00716
"ectropion",0.85894,0.22397,0.00001,0.00001,0.00001,0.00604,0.00094,0.00001,0.00004,0.00002,0.00001,0.00078,0.00012,0.00006,0.03243,0.01665,0.00032,0.0791,0.00408,0.00142,0.00106,0.00002,0.00098,0.0001
"enophthalmos",0.07563,0.29707,0.00236,0.00001,0.00001,0.13537,0.42895,0.41587,0.2451,0.08746,0.09894,0.69152,0.07255,0.67001,0.2563,0.91443,0.61559,0.53643,0.8224,0.73927,0.92061,0.09105,0.88754,0.85522
"entropion",0.04097,0.74498,0.00001,0.00001,0.00001,0.10449,0.00192,0.00664,0.75851,0.00001,0.00843,0.31602,0.00001,0.07568,0.04921,0.00437,0.29226,0.29312,0.00801,0.64055,0.54807,0.00001,0.54343,0.53729
"epiphora",0.05038,0.70138,0.00001,0.00001,0.00001,0.02094,0.00002,0.00002,0.00078,0.00001,0.00002,0.02194,0.00001,0.00114,0.10795,0.00015,0.00696,0.4205,0.00027,0.01578,0.06776,0.00002,0.03422,0.01206
"episcleritis",0.32147,0.08132,0.00001,0.00001,0.00001,0.02571,0.05292,0.00014,0.35822,0.17971,0.03909,0.57353,0.01045,0.00078,0.00698,0.02409,0.01263,0.43173,0.37208,0.05167,0.73758,0.2458,0.74122,0.4427
"esotropia",0.62752,0.91438,0.00001,0.00001,0.00001,0.25774,0.1559,0.00021,0.16244,0.01972,0.00604,0.09031,0.01471,0.10896,0.5993,0.65521,0.01827,0.48995,0.28062,0.11993,0.34198,0.00613,0.13403,0.04711
"exophthalmos",0.70315,0.18886,0.00001,0.00001,0.00001,0.03593,0.00505,0.00002,0.00438,0.00099,0.00109,0.05644,0.00526,0.00243,0.09635,0.1275,0.02844,0.76976,0.10347,0.01742,0.01588,0.00223,0.17799,0.05722
"exotropia",0.86359,0.7474,0.00001,0.00001,0.00001,0.01662,0.03961,0.00007,0.01689,0.00222,0.00074,0.10251,0.00712,0.01512,0.98691,0.29396,0.00354,0.50293,0.09207,0.01519,0.04377,0.00037,0.02657,0.00541
"exudative retinopathy",0.00029,0.1446,0.00001,0.00001,0.00001,0.52992,0.00241,0.00001,0.03701,0.00001,0.00001,0.03274,0.00002,0.00371,0.792,0.00016,0.00001,0.3467,0.00111,0.00123,0.41482,0.00001,0.00117,0.00031
"eyeball/orbital tissue contusion",0.21855,0.25246,0.00001,0.00001,0.00001,0.00571,0.02545,0.00049,0.01849,0.00062,0.00024,0.01248,0.00078,0.00119,0.05019,0.02005,0.0003,0.10885,0.0383,0.01044,0.03478,0.00047,0.01151,0.00394
"eyelid cysts",0.67955,0.6935,0.00001,0.00001,0.00001,0.06896,0.13481,0.00183,0.07536,0.00581,0.00227,0.0493,0.00458,0.06155,0.87572,0.47804,0.02333,0.76747,0.13487,0.16437,0.24535,0.00704,0.04618,0.02947
"eyelid edema",0.65016,0.4502,0.00642,0.00001,0.00084,0.17318,0.06025,0.07578,0.1027,0.06795,0.01501,0.06045,0.17918,0.05373,0.87519,0.3505,0.11642,0.42189,0.08423,0.47422,0.18774,0.12463,0.06806,0.02139
"eyelid retraction",0.81778,0.17434,0.00001,0.00001,0.00001,0.26757,0.1083,0.00201,0.09547,0.03995,0.08774,0.18804,0.08673,0.01146,0.02222,0.02671,0.01873,0.97952,0.25316,0.88767,0.45683,0.22869,0.83715,0.24027
"eyelid/periocular open wound",0.49068,0.52143,0.00537,0.00001,0.02056,0.66741,0.29682,0.08848,0.1417,0.18299,0.07965,0.18116,0.15943,0.38362,0.32744,0.26035,0.15498,0.42435,0.34682,0.25354,0.33739,0.0991,0.12606,0.03218
"eyelid/periocular superficial injury",0.95209,0.21075,0.00001,0.00001,0.00001,0.00004,0.00013,0.00001,0.0036,0.00278,0.06767,0.13642,0.09749,0.01551,0.07098,0.01212,0.00218,0.01327,0.0115,0.00375,0.09477,0.10517,0.39065,0.96377
"FB, conjunctival sac",0.04573,0.44184,0.00208,0.00001,0.00247,0.83767,0.00333,0.00303,0.26604,0.0018,0.12834,0.52064,0.00107,0.04582,0.72659,0.04155,0.24182,0.78753,0.0014,0.01554,0.10918,0.0009,0.26022,0.15147
"FB, cornea",0.28139,0.78906,0.12503,0.00001,0.02341,0.31453,0.11609,0.02159,0.78255,0.00274,0.25672,0.9886,0.04528,0.50917,0.11282,0.19518,0.20716,0.3112,0.02419,0.20046,0.93298,0.00048,0.33211,0.61598
"FB, external eye other/unspec",0.34061,0.35721,0.00006,0.00001,0.00001,0.07067,0.00644,0.00942,0.24299,0.00076,0.00624,0.05168,0.06025,0.00152,0.01082,0.15783,0.00063,0.11437,0.0065,0.00499,0.00663,0.00014,0.0002,0.0014
"Fuch's endothelial dystrophy",0.70097,0.73301,0.00001,0.00001,0.00001,0.04154,0.01296,0.00003,0.00069,0.00002,0.00003,0.02366,0.00207,0.00016,0.14769,0.00828,0.0002,0.35274,0.03618,0.00749,0.0053,0.00003,0.00124,0.00073
"glaucoma, absolute",0.11978,0.92923,0.00001,0.00001,0.00001,0.00053,0.00013,0.00043,0.25067,0.00289,0.00508,0.47588,0.15887,0.49258,0.09109,0.54042,0.02482,0.46683,0.13382,0.46325,0.74391,0.08246,1.00001,0.11127
"glaucoma, OAG",0.40124,0.02539,0.00001,0.00001,0.00001,0.13513,0.00184,0.00001,0.00001,0.00001,0.00001,0.00001,0.00001,0.00001,0.31453,0.00013,0.00001,0.01018,0.00056,0.00001,0.0001,0.00001,0.00001,0.00001
"glaucoma, other/unspec",0.93588,0.15905,0.00001,0.00001,0.00001,0.01063,0.0008,0.00001,0.00036,0.00001,0.00001,0.00021,0.00001,0.00001,0.00919,0.00042,0.00001,0.00432,0.00304,0.0006,0.03531,0.00001,0.00008,0.00131
"glaucoma, PACG - acute",0.97226,0.10457,0.00001,0.00001,0.00002,0.5202,0.34205,0.00192,0.08299,0.02138,0.67639,0.41275,0.14205,0.01293,0.58054,0.21551,0.38811,0.46252,0.93386,0.26773,0.13178,0.14235,0.28612,0.68781
"glaucoma, PACG - chronic",0.31622,0.4854,0.00001,0.00001,0.00001,0.14525,0.12762,0.00001,0.01563,0.00031,0.00009,0.01023,0.00052,0.00074,0.95156,0.28106,0.0013,0.44547,0.07521,0.03545,0.05104,0.00016,0.00784,0.00191
"glaucoma, PACG - other/unspec",0.08318,0.44197,0.00001,0.00001,0.00001,0.15068,0.33019,0.00196,0.02462,0.00252,0.00205,0.02265,0.00654,0.10544,0.82399,0.65869,0.06515,0.74317,0.52318,0.0614,0.17193,0.04477,0.28075,0.03692
"glaucoma, PXG",0.93049,0.26591,0.00001,0.00001,0.00001,0.34855,0.2894,0.00001,0.00049,0.00001,0.00001,0.00225,0.00652,0.0003,0.18243,0.01635,0.00047,0.20873,0.06392,0.01045,0.00938,0.00004,0.00203,0.00247
"glaucoma, secondary to drugs",0.08924,0.00001,0.00001,0.00001,0.00001,0.00081,0.01672,0.00001,0.16177,0.00006,0.00001,0.08725,0.00001,0.00001,0.00189,0.00001,0.00001,0.00004,0.00002,0.00002,0.43315,0.00016,0.00456,0.0027
"glaucoma, secondary to eye infl",0.44605,0.76218,0.00001,0.00001,0.00001,0.93831,0.82658,0.00071,0.15251,0.00486,0.00116,0.1235,0.00092,0.0661,0.4765,0.17315,0.00136,0.80538,0.27037,0.05752,0.07325,0.00547,0.02547,0.0418
"glaucoma, secondary to eye trauma",0.76517,0.16541,0.00001,0.00001,0.00001,0.3473,0.87083,0.00029,0.01795,0.00056,0.00006,0.0155,0.0004,0.02278,0.85878,0.09539,0.00015,0.15812,0.11438,0.00903,0.02378,0.00001,0.00009,0.00052
"glaucoma, secondary to other eye dis",0.46309,0.04228,0.00001,0.00001,0.00001,0.07348,0.00834,0.00001,0.00074,0.00002,0.00001,0.00093,0.0001,0.00003,0.09959,0.02176,0.00001,0.00321,0.00027,0.00008,0.00007,0.00001,0.00001,0.00001
"glaucoma, suspect",0.00701,0.84531,0.00001,0.00001,0.00001,0.00113,0.00001,0.00001,0.00701,0.00001,0.00001,0.00307,0.00001,0.00005,0.92956,0.00001,0.00001,0.27444,0.00001,0.00091,0.04178,0.00001,0.00001,0.00005
"globe degen conditions",0.89564,0.47328,0.00001,0.00001,0.00001,0.25255,0.1821,0.00101,0.02037,0.00002,0.00002,0.06267,0.01752,0.00493,0.78673,0.04559,0.00002,0.134,0.08906,0.00304,0.06303,0.00003,0.00009,0.00206
"hereditary choroidal dystrophies",0.7169,0.68473,0.00022,0.00001,0.00045,0.00448,0.99421,1.00001,0.62956,0.03522,0.07839,0.87089,0.0106,0.11428,0.19273,0.32507,0.91263,0.03045,0.23859,0.46001,0.41998,0.0147,0.25052,0.81524
"hereditary retinal dystrophies",0.00397,0.51722,0.00001,0.00001,0.00001,0.09706,0.00132,0.00004,0.65908,0.00001,0.00001,0.01978,0.00001,0.00075,0.9127,0.00002,0.00001,0.35496,0.00003,0.00672,0.26109,0.00001,0.00024,0.00065
"herpesviral ocular disease",0.95345,0.72513,0.00001,0.00001,0.00001,0.01846,0.33808,0.2595,0.13987,0.02201,0.00001,0.76304,0.03246,0.26467,0.6139,0.95868,0.22131,0.41136,0.05866,0.70247,0.31224,0.75895,0.61272,0.70951
"heterophoria",0.75096,0.87747,0.00003,0.00001,0.00001,0.09689,0.23931,0.00218,0.25535,0.05201,0.01282,0.07283,0.07675,0.12772,0.83658,0.35224,0.0273,0.78004,0.17627,0.0363,0.05584,0.01131,0.0966,0.05695
"hypermetropia",0.00611,0.81176,0.00001,0.00001,0.00001,0.01392,0.00002,0.00001,0.55669,0.00001,0.00002,0.06748,0.00001,0.00841,0.37502,0.00001,0.00042,0.55856,0.00001,0.00072,0.2558,0.00001,0.02331,0.02353
"hypertensive retinopathy",0.89808,0.42727,0.00001,0.00001,0.00001,0.0083,0.02769,0.00005,0.01151,0.00002,0.00005,0.0049,0.00046,0.00013,0.11867,0.00713,0.00004,0.03942,0.00611,0.001,0.00278,0.00001,0.00006,0.00008
"hyphema",0.1511,0.08413,0.00124,0.00001,0.00155,0.12168,0.03479,0.00063,0.02913,0.02731,0.0175,0.2432,0.02065,0.02131,0.17697,0.34556,0.27685,0.38574,0.06794,0.02417,0.0427,0.02426,0.12968,0.09976
"intermittent heterotropia",0.74846,0.54918,0.00001,0.00001,0.00001,0.31095,0.21628,0.0027,0.15479,0.03234,0.02721,0.12746,0.11494,0.07014,0.92201,0.94025,0.31084,0.61407,0.2182,0.03442,0.12114,0.02063,0.21266,0.22399
"interstitial/deep keratitis",0.02031,0.69972,0.00001,0.00001,0.00001,0.01857,0.00002,0.00001,0.00001,0.00328,0.00036,0.79948,0.0082,0.0436,0.83133,0.97472,0.00001,0.40819,0.01549,0.00454,0.00001,0.00001,0.14163,0.00001
"IOL displacement",0.60484,0.73624,0.00049,0.00001,0.00013,0.62838,0.02564,0.00942,0.90971,0.04645,0.36109,0.06503,0.61911,0.60634,0.64609,0.02048,0.24178,0.28485,0.01796,0.09193,0.92615,0.15607,0.00264,0.00365
"iridodialysis",0.65791,0.60735,0.00001,0.00001,0.00001,0.57406,0.79471,0.01763,1.00001,0.01202,0.50986,0.53602,0.62253,0.14661,0.08855,0.59298,0.82353,0.20409,0.85225,0.35576,0.2448,0.05263,0.00598,0.69745
"iris/CB adhesions/disruptions",0.00084,0.2933,0.00001,0.00001,0.00001,0.03704,0.00001,0.00001,0.19444,0.00001,0.00001,0.01208,0.00001,0.00001,0.07784,0.00001,0.00001,0.23654,0.00001,0.00002,0.25563,0.00001,0.00015,0.1623
"iris/CB degenerations",0.42632,0.422,0.00001,0.00001,0.00001,0.09148,0.10954,0.00001,0.00064,0.00001,0.00001,0.00381,0.00017,0.00097,0.36613,0.02867,0.00007,0.27716,0.03146,0.00082,0.00348,0.00003,0.00033,0.00016
"iris/CB/anterior chamber cysts",0.02703,0.3325,0.00001,0.00001,0.00001,0.12697,0.01334,0.00056,0.03967,0.01338,0.00002,0.00486,0.00002,0.00032,0.76126,0.02211,0.01613,0.26725,0.00002,0.01856,0.04167,0.00043,0.0003,0.00118
"ischemic optic neuropathy",0.98498,0.46987,0.00001,0.00001,0.00001,0.78216,0.38916,0.00045,0.02309,0.00006,0.00002,0.01992,0.00127,0.00155,0.71487,0.06201,0.00016,0.32999,0.44276,0.02375,0.09001,0.00011,0.00346,0.00495
"keratitis - infectious",0.55502,0.5673,0.00002,0.00001,0.00004,0.67637,0.31867,0.00277,0.02028,0.00497,0.0172,0.18612,0.03704,0.04011,0.13737,0.22347,0.11576,0.6934,0.56842,0.09397,0.03922,0.00448,0.22129,0.11013
"keratitis - other/unspec",0.73198,0.91301,0.00001,0.00001,0.00001,0.20876,0.00034,0.00001,0.06056,0.00001,0.00013,0.55489,0.00095,0.00354,0.2604,0.04129,0.00077,0.17045,0.00136,0.05176,0.8233,0.00001,0.02783,0.2411
"keratoconjunctivitis - dry eye syndrome",0.5034,0.74498,0.00001,0.00001,0.00001,0.41942,0.23706,0.00427,0.17084,0.01464,0.01271,0.33518,0.13917,0.19211,0.49346,0.79832,0.06934,0.59667,0.87781,0.72236,0.88473,0.03292,0.40149,0.19201
"keratoconjunctivitis - infectious",0.23415,0.59597,0.0752,0.00001,0.00012,0.00148,0.00035,0.00034,0.00043,0.00277,0.00039,0.00019,0.00022,0.00006,0.01529,0.00147,0.00071,0.00106,0.00074,0.00292,0.00168,0.00043,0.00025,0.00006
"keratoconjunctivitis - noninfectious",0.03315,0.30635,0.00001,0.00001,0.00001,0.68836,0.00038,0.00002,0.09441,0.00001,0.00215,0.88463,0.00001,0.18934,0.07688,0.00104,0.0807,0.11507,0.0002,0.59539,0.93547,0.00001,0.25116,0.2551
"keratoconjunctivitis - other/unspec",0.78811,0.03582,0.00001,0.00001,0.00001,0.19611,0.00628,0.00027,0.00093,0.1015,0.00003,0.01186,0.00006,0.00007,0.00004,0.00706,0.46063,0.00001,0.00073,0.00001,0.00016,0.03525,0.00005,0.62531
"keratoconus",0.20097,0.45168,0.00001,0.00001,0.00001,0.00653,0.02855,0.00004,0.02214,0.00012,0.00009,0.02144,0.00033,0.00189,0.34001,0.17558,0.00023,0.12447,0.00829,0.00751,0.03231,0.00018,0.00098,0.00012
"lacrimal passage infl - chronic",0.93776,0.3796,0.00001,0.00001,0.00001,0.0121,0.01407,0.00377,0.00667,0.00001,0.00001,0.02997,0.00051,0.00016,0.15782,0.16612,0.00001,0.02019,0.00734,0.04781,0.00454,0.00001,0.26712,0.0008
"lacrimal passage stenosis/insufficiency",0.50724,0.42163,0.00001,0.00001,0.00001,0.00116,0.00134,0.00001,0.00025,0.00004,0.00002,0.00025,0.00007,0.00017,0.01501,0.00719,0.00011,0.0181,0.00676,0.00224,0.00253,0.00011,0.00044,0.00005
"lagophthalmos",0.60065,0.65098,0.00001,0.00001,0.00001,0.0633,0.24912,0.00056,0.03894,0.00045,0.00173,0.18782,0.08863,0.07181,0.66523,0.31566,0.01152,0.80112,0.22977,0.11143,0.20971,0.00009,0.05221,0.01373
"lattice degeneration of retina",0.86235,0.83788,0.00001,0.00001,0.00001,0.01672,0.24992,0.0001,0.11011,0.0001,0.00001,0.00191,0.00008,0.00023,0.20441,0.0037,0.00001,0.15158,0.08014,0.00407,0.0861,0.00006,0.00044,0.00007
"lens dislocation",0.60758,0.39307,0.00001,0.00001,0.00001,0.06497,0.02724,0.00022,0.05294,0.00038,0.0006,0.00738,0.0018,0.00463,0.22583,0.09108,0.0007,0.36186,0.03415,0.04157,0.12478,0.00014,0.00547,0.00282
"lens fragments post-cataract surg",0.09318,0.53623,0.00355,0.00001,0.00003,0.05929,0.00272,0.0033,0.20638,0.00239,0.01935,0.25378,0.00059,0.01238,0.40667,0.05075,0.27713,0.89822,0.00412,0.02404,0.79213,0.00568,0.26795,0.50755
"macular cyst, hole, or pseudohole",0.07195,0.53887,0.00001,0.00001,0.00001,0.83012,0.01213,0.00028,0.73053,0.00001,0.00007,0.20718,0.00001,0.00678,0.17033,0.00004,0.00059,0.35564,0.00114,0.26592,0.50084,0.00001,0.06613,0.13921
"malignant neoplasm - choroid",0.24219,0.35862,0.00001,0.00001,0.00001,0.70681,0.12272,0.00112,0.13883,0.00064,0.00093,0.22789,0.00478,0.00352,0.34534,0.04277,0.00229,0.39066,0.01159,0.00459,0.07721,0.0029,0.01816,0.03149
"malignant neoplasm - conjunctiva",0.01302,0.31545,0.00879,0.00001,0.00001,0.9682,0.00178,0.00104,0.01646,0.0036,0.04781,0.40162,0.88787,0.13858,0.34554,0.40731,0.00029,0.60262,0.07346,0.64843,0.85248,0.17518,0.7337,0.36929
"malignant neoplasm - eyelid",0.00001,0.00207,0.00001,0.00001,0.00001,0.00001,0.00001,0.00001,0.00056,0.00001,0.00002,0.00009,0.00001,0.00001,0.00001,0.00001,0.00001,0.00058,0.00001,0.10906,0.54284,0.00001,0.00225,0.00001
"malignant neoplasm - retina",0.03139,0.19973,0.72843,0.00006,0.00834,0.39137,0.00485,0.19023,0.27026,0.0189,0.95843,0.13255,0.00226,0.58509,0.00775,0.90221,0.82407,0.16071,0.0039,0.77232,0.61071,0.10617,0.10847,0.29254
"myopia",0.00019,0.34465,0.00001,0.00001,0.00001,0.00441,0.00002,0.00001,0.48346,0.00001,0.00001,0.02962,0.00001,0.00271,0.7503,0.00001,0.00004,0.9047,0.00001,0.00009,0.3211,0.00001,0.00262,0.00357
"NPDR w/ DME",0.36114,0.11702,0.00001,0.00001,0.00001,0.00338,0.00048,0.00001,0.00112,0.00004,0.00002,0.00372,0.00021,0.00003,0.01626,0.0228,0.00069,0.03959,0.00187,0.00012,0.00179,0.00005,0.0014,0.001
"NPDR w/o DME",0.95528,0.32716,0.00001,0.00001,0.00001,0.04889,0.04664,0.00002,0.00536,0.00001,0.00003,0.01047,0.00223,0.00025,0.13249,0.01501,0.00021,0.12129,0.01672,0.00127,0.00933,0.00009,0.0074,0.00542
"nystagmus / other irregular eye mvmts",0.02781,0.92162,0.00001,0.00001,0.00001,0.11995,0.00013,0.00002,0.00316,0.00001,0.00003,0.06386,0.00001,0.0069,0.32274,0.00003,0.00176,0.76258,0.00001,0.00213,0.02501,0.00001,0.00637,0.0125
"ocular hypotony",0.00005,0.11692,0.00001,0.00001,0.00001,0.07705,0.00001,0.00001,0.00191,0.00001,0.00001,0.07672,0.00001,0.00416,0.14075,0.00199,0.00072,0.86972,0.00002,0.01623,0.40715,0.00001,0.03625,0.00556
"ocular laceration w/ prolapse",0.93359,0.88485,0.00025,0.00001,0.00019,0.30068,0.37603,0.02917,0.38382,0.18355,0.18799,0.16598,0.13431,0.19556,0.40582,0.39224,0.0517,1.00001,0.11431,0.48112,0.53412,0.01361,0.18077,0.0511
"ocular laceration w/o prolapse",0.46607,0.50517,0.44916,0.00004,0.0458,0.15931,0.23712,0.98627,0.21106,0.38727,0.49604,0.06073,0.28516,0.57359,0.00397,0.4705,0.89734,0.0147,0.22598,0.19611,0.01115,0.6949,0.04769,0.13195
"ocular pain",0.38024,0.24261,0.00006,0.00001,0.00001,0.07038,0.07451,0.00161,0.05446,0.00465,0.00591,0.14303,0.0226,0.01692,0.34053,0.16295,0.01747,0.34909,0.08573,0.03671,0.16027,0.00626,0.03236,0.02268
"oculomotor nerve palsy",0.97873,0.66157,0.00167,0.00002,0.03185,0.4614,0.62349,0.05284,0.38312,0.17587,0.75567,0.53901,0.44034,0.09226,0.45308,0.95817,0.89138,0.42001,0.30083,0.112,0.31671,0.11006,0.97724,0.53737
"optic atrophy",0.83125,0.37594,0.00001,0.00001,0.00001,0.05113,0.03959,0.00001,0.00755,0.00001,0.00014,0.06301,0.00139,0.00013,0.52797,0.00435,0.00001,0.06924,0.0219,0.00149,0.01126,0.00001,0.00005,0.00005
"optic chiasm disorders",0.00257,0.94369,0.00001,0.00001,0.00001,0.92319,0.05739,0.30193,0.14602,0.26128,0.00689,0.9815,0.88095,0.382,0.02504,0.83176,0.96626,0.00057,0.02431,0.2631,0.0042,0.16999,0.45286,0.89701
"optic nerve/pathway injury",0.08396,0.45675,0.0117,0.00001,0.00044,0.14061,0.41669,0.01465,0.12604,0.57569,0.38157,0.11028,0.97413,0.37964,0.07593,0.4659,0.15582,0.14752,0.05001,0.01984,0.02643,0.00653,0.00043,0.00596
"optic neuritis",0.76991,0.99601,0.00002,0.00001,0.00002,0.9077,0.96772,0.02736,0.23282,0.04091,0.09278,0.35434,0.776,0.18876,0.87303,0.76247,0.27249,0.17595,0.74124,0.52721,0.4266,0.08227,0.46296,0.24863
"orbit inflammation - acute",0.7618,0.41161,0.04283,0.00001,0.00097,0.1335,0.1919,0.0717,0.07461,0.08351,0.02612,0.01216,0.04701,0.01923,0.94481,0.60616,0.02683,0.04341,0.0127,0.16543,0.0434,0.00711,0.05636,0.00204
"orbit inflammation - chronic",0.58674,0.42372,0.00001,0.00001,0.00002,0.34073,0.00375,0.27134,0.86016,0.00001,0.00514,0.00769,0.00529,0.15948,0.79641,0.00217,0.9149,0.84135,0.00502,0.69139,0.57507,0.00003,0.29939,0.16356
"orbit penetrating wound w/ FB",0.34169,0.87884,0.04753,0.00004,0.01633,0.15882,0.46561,0.74405,0.37679,0.34816,0.37441,0.93656,0.83109,0.94133,0.71474,0.83638,0.09607,0.26912,0.70422,0.12,0.53399,0.12487,0.18443,0.0409
"orbital floor fracture",0.3046,0.20145,0.00308,0.00001,0.00039,0.06793,0.01697,0.01033,0.00474,0.00952,0.00229,0.01491,0.00916,0.01181,0.17198,0.02216,0.02108,0.09847,0.01631,0.072,0.01244,0.0014,0.00497,0.00263
"other binocular eye mvmt dis",0.29102,0.24899,0.00001,0.00001,0.00001,0.05514,0.06118,0.00045,0.06853,0.01407,0.00799,0.04777,0.00975,0.00943,0.30158,0.11069,0.10433,0.52776,0.09815,0.01003,0.06056,0.01349,0.08522,0.12174
"other binocular vision disorders",0.24523,0.39043,0.00013,0.00001,0.00001,1.00001,0.01163,0.00242,0.31037,0.00012,0.00003,0.00117,0.00237,0.06432,0.06117,0.00085,0.00267,0.95028,0.00443,0.00008,0.01394,0.00095,0.00519,0.00303
"other choroid disorders",0.22276,0.97791,0.00002,0.00001,0.00001,0.57368,0.00089,0.00511,0.06011,0.00003,0.00073,0.03704,0.00015,0.04513,0.50751,0.00109,0.01486,0.16941,0.00095,0.09438,0.30637,0.00028,0.00939,0.02959
"other conjunctival disorders",0.31546,0.20739,0.00001,0.00001,0.00001,0.00557,0.00181,0.00001,0.00033,0.00008,0.00004,0.004,0.00023,0.00052,0.04465,0.01858,0.00056,0.0726,0.00464,0.00098,0.00094,0.00002,0.00149,0.00045
"other corneal deformities",0.79948,0.53456,0.00001,0.00001,0.00001,0.70952,0.00577,0.10946,0.80912,0.0123,0.85646,0.0333,0.02306,0.92626,0.05432,0.95734,0.16823,0.00368,0.21792,0.36069,0.0059,0.07377,0.16581,0.19883
"other corneal disorders",0.57124,0.86113,0.00001,0.00001,0.00001,0.02816,0.02504,0.00069,0.02054,0.00351,0.00266,0.04735,0.00575,0.03088,0.55403,0.39613,0.01072,0.2326,0.01876,0.01564,0.04607,0.00031,0.0046,0.00048
"other endophthalmitis",0.00165,0.00011,0.00001,0.00001,0.00001,0.00122,0.00001,0.00002,0.5597,0.38283,0.61148,0.37859,0.00002,0.00001,0.00208,0.00001,0.00001,0.02174,0.00001,0.01087,0.00261,0.43236,0.00126,0.02386
"other eyelid degenerative disorders",0.98813,0.00908,0.00001,0.00001,0.00001,0.00162,0.01351,0.00506,0.60346,0.11049,0.00614,0.07112,0.00904,0.00138,0.00299,0.0011,0.00004,0.00367,0.07275,0.03108,0.31802,0.00521,0.00098,0.00239
"other eyelid function disorders",0.76951,0.28515,0.00017,0.00001,0.0001,0.87908,0.74547,0.86052,0.00789,0.56224,0.7247,0.72253,0.05531,0.64243,0.02681,0.52004,0.08785,0.01179,0.93897,0.00906,0.00018,0.73788,0.24958,0.57425
"other hereditary corneal dystrophies",0.44756,0.61867,0.00001,0.00001,0.00001,0.04774,0.05242,0.00004,0.00821,0.00004,0.00006,0.03183,0.00378,0.00451,0.95654,0.04902,0.00011,0.54138,0.08235,0.08076,0.09521,0.00005,0.00191,0.0007
"other iris/CB disorders",0.00018,0.38899,0.00001,0.00001,0.00001,0.00035,0.00001,0.00004,0.05114,0.00001,0.00009,0.04832,0.00001,0.00106,0.71268,0.00007,0.00374,0.22384,0.00001,0.00587,0.2308,0.00001,0.19434,0.06077
"other iris/CB vascular disorders",0.79218,0.44686,0.00001,0.00001,0.00001,0.29217,0.10849,0.00006,0.01454,0.00031,0.00018,0.00718,0.00022,0.00062,0.02397,0.0213,0.00041,0.03277,0.00002,0.00001,0.00001,0.00001,0.00001,0.00001
"other non-diabetic proliferative retinopathy",0.00249,0.0017,0.00001,0.00001,0.00001,0.02252,0.00185,0.00001,0.00648,0.00003,0.00001,0.04244,0.00001,0.00001,0.62652,0.00053,0.00001,0.07821,0.07694,0.00022,0.05322,0.00001,0.00001,0.00004
"other optic disc disorders",0.00322,0.01122,0.00001,0.00001,0.00001,0.00158,0.00006,0.00002,0.07636,0.00003,0.06205,0.40392,0.00006,0.00028,0.00149,0.00001,0.00003,0.02243,0.00003,0.00255,0.15484,0.00028,0.51419,0.13574
"other optic nerve disorders",0.1592,0.11587,0.00002,0.00001,0.00001,0.05592,0.16531,0.00614,0.14577,0.04082,0.01847,0.12214,0.01993,0.01363,0.13133,0.1548,0.02393,0.10148,0.01724,0.00259,0.01092,0.0046,0.10632,0.00809
"other orbital disorders",0.72775,0.23176,0.00001,0.00001,0.00001,0.00882,0.00074,0.00038,0.04502,0.00243,0.00204,0.19371,0.0026,0.0465,0.16297,0.18081,0.00052,0.04236,0.00397,0.02861,0.0137,0.00183,0.01485,0.0032
"other postop complications",0.26712,0.10309,0.00001,0.00001,0.00001,0.15669,0.00216,0.00008,0.00361,0.74235,0.11391,0.31171,0.00256,0.00013,0.40984,0.06564,0.14764,0.98349,0.18613,0.7255,0.36171,0.29698,0.88245,0.00625
"other refraction/accommodation disorders",0.0037,0.03024,0.00001,0.00001,0.00001,0.12641,0.00193,0.00028,0.60256,0.00006,0.00277,0.79833,0.00061,0.04707,0.3346,0.02649,0.09538,0.30205,0.00781,0.21924,0.60365,0.00029,0.35352,0.38636
"other retinal microvascular abnormalities",0.02276,0.00974,0.00001,0.00001,0.00001,0.00084,0.00001,0.00001,0.25588,0.00001,0.00002,0.01276,0.00001,0.00001,0.00083,0.00001,0.00001,0.0002,0.00001,0.00008,0.1643,0.00001,0.00038,0.00804
"other scleral disorders",0.63309,0.80282,0.00001,0.00001,0.00001,0.26463,0.48743,0.00234,0.03194,0.05232,0.00069,0.08361,0.01758,0.06655,0.70282,0.02839,0.00009,0.25556,0.12476,0.00524,0.05902,0.00079,0.00979,0.00285
"other spec visual disturbances",0.27574,0.26902,0.00012,0.00001,0.00003,0.07948,0.08399,0.00289,0.06901,0.03181,0.0252,0.10114,0.01696,0.01625,0.26751,0.44132,0.19584,0.64034,0.17134,0.04082,0.16488,0.06548,0.19042,0.10793
"other subj visual disturb",0.6983,0.75561,0.00001,0.00001,0.00001,0.20383,0.18369,0.00286,0.1361,0.02039,0.00743,0.26936,0.06697,0.05158,0.84567,0.71143,0.05256,0.73075,0.68789,0.23777,0.53448,0.03624,0.20649,0.23439
"other vitreous opacities",0.67334,0.33814,0.00001,0.00001,0.00001,0.04396,0.03867,0.00023,0.01168,0.00094,0.00085,0.02024,0.00415,0.00224,0.13226,0.04378,0.00364,0.18386,0.02656,0.00604,0.01055,0.00111,0.01176,0.00482
"other/unspec eye injuries",0.60561,0.12047,0.00001,0.00001,0.00001,0.01363,0.01723,0.00001,0.00079,0.00012,0.00001,0.00056,0.00023,0.0002,0.15593,0.03359,0.00001,0.0045,0.02583,0.00051,0.00179,0.00008,0.0002,0.00001
"other/unspec heterotropia",0.67424,0.80532,0.00001,0.00001,0.00001,0.25843,0.02811,0.00008,0.0418,0.00152,0.00043,0.02068,0.00305,0.00758,0.45988,0.03135,0.00045,0.36404,0.0038,0.00073,0.01204,0.00012,0.00256,0.00048
"other/unspec peripheral retinal degeneration",0.45758,0.81836,0.00001,0.00001,0.00001,0.04569,0.2541,0.00126,0.20919,0.00021,0.00011,0.01963,0.00041,0.00113,0.45274,0.04803,0.00009,0.23631,0.05665,0.02829,0.04158,0.00004,0.00088,0.00056
"other/unspec retinal disorders",0.46768,0.32603,0.00001,0.00001,0.00001,0.03024,0.07253,0.00071,0.07348,0.0076,0.00237,0.02692,0.00502,0.00968,0.17496,0.09018,0.00229,0.18753,0.04331,0.00635,0.04818,0.00129,0.00354,0.00226
"other/unspec strabismus",0.16403,0.01408,0.00001,0.00001,0.00001,0.00003,0.00001,0.00001,0.00002,0.00001,0.00001,0.00139,0.00002,0.00001,0.00029,0.00059,0.00001,0.00028,0.00003,0.00001,0.0001,0.00001,0.00018,0.00004
"panophthalmitis",0.24121,0.23659,0.05147,0.00008,0.00091,0.04098,0.05868,0.03782,0.00408,0.00023,0.00038,0.03489,0.10006,0.00021,0.01816,0.00403,0.00006,0.00056,0.00537,0.00017,0.0002,0.00001,0.00007,0.00001
"panuveitis",0.65894,0.12118,0.00001,0.00001,0.00001,0.7069,0.21747,0.00016,0.17892,0.00387,0.00158,0.07186,0.02596,0.00154,0.45221,0.46132,0.00833,0.48246,0.38445,0.07279,0.48119,0.01215,0.11049,0.0436
"papilledema",0.27042,0.43153,0.00004,0.00001,0.00001,0.11245,0.1737,0.00599,0.09965,0.00965,0.00359,0.08382,0.01035,0.02952,0.31675,0.32648,0.01545,0.20271,0.07325,0.04149,0.06664,0.00142,0.00737,0.00463
"PDR w/ DME",0.52379,0.10014,0.00001,0.00001,0.00001,0.07199,0.01068,0.00001,0.00836,0.00077,0.00034,0.03973,0.0015,0.00017,0.05752,0.085,0.00215,0.17331,0.00891,0.00036,0.00523,0.00017,0.00527,0.00398
"PDR w/o DME",0.78481,0.61205,0.00001,0.00001,0.00001,0.84167,0.52184,0.00042,0.12319,0.00154,0.00313,0.37344,0.04147,0.01276,0.55996,0.39575,0.03837,0.6181,0.72193,0.09472,0.37992,0.00827,0.17957,0.1913
"PDR, stable",0.459,0.64023,0.00001,0.00001,0.00001,0.9653,0.39861,0.08686,0.68029,0.00169,0.06497,0.7286,0.00141,0.1708,0.6394,0.02594,0.08151,0.76122,0.04991,0.39776,0.55154,0.00094,0.35954,0.55883
"posterior synechiae (iris)",0.64733,0.17878,0.00001,0.00001,0.00001,0.00091,0.00025,0.00001,0.00054,0.0002,0.00019,0.03824,0.00745,0.0015,0.04193,0.03252,0.00003,0.01958,0.00213,0.00247,0.0034,0.00002,0.0006,0.00283
"posterior uveitis",0.43113,0.95525,0.00001,0.00001,0.00001,0.77882,0.73134,0.00027,0.95189,0.00253,0.00079,0.70203,0.02124,0.05203,0.34453,0.98112,0.00515,0.1275,0.56756,0.88035,0.15364,0.06272,0.39804,0.93295
"PRAO",0.2415,0.11422,0.00001,0.00001,0.00001,0.00049,0.00175,0.00001,0.00003,0.00001,0.00001,0.00006,0.00001,0.00001,0.00226,0.00001,0.00001,0.00026,0.00002,0.00001,0.00004,0.00001,0.00001,0.00001
"presbyopia",0.44641,0.14576,0.00001,0.00001,0.00001,0.018,0.07518,0.00013,0.0401,0.00426,0.00274,0.05006,0.00524,0.00319,0.23661,0.07197,0.00502,0.32452,0.02969,0.0042,0.02221,0.00146,0.05412,0.02645
"prosthetic/implant/graft other mech compl",0.00288,0.00158,0.00001,0.00001,0.00001,0.06231,0.02615,0.00001,0.21085,0.00001,0.00001,0.0035,0.00001,0.00001,0.00004,0.00001,0.00001,0.00832,0.00045,0.00001,0.03468,0.00001,0.00001,0.00004
"pterygium",0.6783,0.72972,0.00001,0.00001,0.00001,0.00024,0.00131,0.00002,0.00244,0.00004,0.00001,0.00293,0.00033,0.00123,0.16882,0.04651,0.00017,0.15042,0.00916,0.00298,0.00552,0.00002,0.00076,0.00033
"ptosis",0.99404,0.42381,0.00001,0.00001,0.00001,0.0117,0.01058,0.00001,0.00051,0.00007,0.00026,0.01565,0.00323,0.00295,0.41256,0.21438,0.0101,0.67257,0.1172,0.0306,0.06986,0.00191,0.0424,0.0301
"puckering of macula",0.76963,0.31334,0.00001,0.00001,0.00001,0.02424,0.03507,0.00001,0.00173,0.00001,0.00001,0.00006,0.00001,0.00001,0.02369,0.00001,0.00001,0.00818,0.00164,0.0001,0.00457,0.00001,0.00001,0.00001
"pupillary function anomalies",0.46858,0.05109,0.00001,0.00001,0.00001,0.00215,0.00489,0.00001,0.00072,0.00018,0.00131,0.03128,0.01866,0.00287,0.06187,0.09214,0.0543,0.62241,0.21237,0.01083,0.00975,0.0014,0.10476,0.08654
"RD w/ breaks or defects",0.02356,0.95278,0.00001,0.00001,0.00001,0.55622,0.01278,0.00068,0.99881,0.00001,0.00005,0.5672,0.00001,0.02179,0.17947,0.00001,0.00014,0.18818,0.00077,0.27922,0.20351,0.00001,0.08637,0.56979
"RD, other",0.97038,0.70729,0.00001,0.00001,0.00001,0.49451,0.10217,0.00001,0.00225,0.00002,0.00002,0.00184,0.00014,0.00024,0.67215,0.02053,0.00001,0.15521,0.24382,0.00571,0.15103,0.00002,0.00015,0.00128
"RD, serous",0.00001,0.01962,0.00001,0.00001,0.00001,0.94268,0.00001,0.00001,0.86482,0.00001,0.00001,0.37456,0.00001,0.00001,0.20687,0.00001,0.00001,0.28332,0.00001,0.00382,0.01531,0.00001,0.00103,0.16756
"RD, traction",0.02652,0.32715,0.00001,0.00001,0.00001,0.41869,0.07241,0.00027,0.43386,0.00008,0.00149,0.19693,0.00002,0.05984,0.08026,0.00792,0.00661,0.07764,0.04389,0.46057,0.02862,0.00004,0.57139,0.78374
"recession of chamber angle",0.88444,0.93357,0.00001,0.00001,0.00001,0.37444,0.34573,0.00014,0.77284,0.11821,0.00003,0.89065,0.10305,0.03054,0.41237,0.55901,0.02663,0.79739,0.30134,0.04226,0.45039,0.00626,0.14029,0.16994
"retained foreign body - eyelid",0.20093,0.04524,0.00003,0.00001,0.00006,0.87146,0.19797,0.00675,0.54824,0.01917,0.10405,0.45003,0.60206,0.10356,0.08295,0.01042,0.57295,0.17038,0.37319,0.25436,0.4448,0.15021,0.98282,0.59298
"retained IOFB, nonmagnetic",0.00006,0.00005,0.00001,0.00001,0.00001,0.00004,0.00007,0.00001,0.00006,0.00002,0.00008,0.00032,0.00001,0.00004,0.01985,0.00001,0.00002,0.00229,0.00002,0.00004,0.00257,0.00001,0.00001,0.00004
"retinal breaks or defects w/o RD",0.40272,0.33224,0.00001,0.00001,0.00001,0.17474,0.11274,0.00191,0.06138,0.00428,0.002,0.0102,0.00448,0.00559,0.17275,0.08085,0.00771,0.19151,0.03997,0.01535,0.08075,0.00847,0.02722,0.00878
"retinal edema",0.06234,0.21581,0.00001,0.00001,0.00001,0.25487,0.01132,0.00086,0.13435,0.00018,0.00328,0.41742,0.00211,0.04402,0.47616,0.00528,0.00425,0.74653,0.02378,0.07264,0.67622,0.00218,0.1972,0.62536
"retinal hemorrhage",0.00437,0.00863,0.00001,0.00001,0.00001,0.00003,0.00001,0.00001,0.31127,0.00001,0.00001,0.13087,0.00001,0.00003,0.01107,0.00001,0.00001,0.00554,0.00002,0.01141,0.58091,0.00008,0.32081,0.42724
"retinal ischemia",0.03344,0.00247,0.00001,0.00001,0.00001,0.00005,0.00021,0.00001,0.00027,0.00001,0.00001,0.00004,0.00001,0.00001,0.00002,0.00003,0.00001,0.00005,0.00002,0.00001,0.00004,0.00001,0.00001,0.00001
"retinal microaneurysms",0.0009,0.00768,0.00001,0.00001,0.00001,0.0001,0.00001,0.00001,0.00003,0.00001,0.00001,0.00004,0.00001,0.00002,0.00043,0.00001,0.00001,0.00085,0.00001,0.00005,0.00029,0.00001,0.00002,0.00002
"retinal neovascularization",0.30891,0.74555,0.00043,0.00001,0.00006,0.935,0.22249,0.10458,0.78655,0.02275,0.15774,0.48164,0.07451,0.77708,0.16059,0.18891,0.24391,0.1319,0.72806,0.52646,0.08666,0.09983,0.79226,0.29866
"retinal telangiectasis",0.13462,0.66709,0.00002,0.00001,0.00001,0.63678,0.0317,0.00059,0.06722,0.00001,0.0004,0.02832,0.00035,0.04485,0.35588,0.00433,0.03196,0.36112,0.00501,0.02567,0.14743,0.00014,0.11853,0.01094
"retinal vascular changes",0.29573,0.10337,0.00001,0.00001,0.00001,0.05976,0.16007,0.00157,0.05663,0.00095,0.00019,0.04876,0.00535,0.00108,0.05184,0.00184,0.00002,0.0026,0.00116,0.00082,0.00024,0.00001,0.00013,0.00002
"retinal vasculitis",0.40549,0.99224,0.00001,0.00001,0.00001,0.0359,0.06096,0.0001,0.31879,0.00005,0.00007,0.28348,0.0006,0.05401,0.00003,0.02067,0.02542,0.00001,0.27332,0.558,0.00059,0.00925,0.21851,0.09175
"retinoschisis / retinal cysts",0.4008,0.43545,0.00001,0.00001,0.00001,0.23449,0.24732,0.00572,0.08617,0.00401,0.00132,0.01265,0.00198,0.0039,0.15614,0.08414,0.0049,0.20667,0.04258,0.02687,0.07852,0.01018,0.01446,0.00704
"retrolental fibroplasia",0.62064,0.8751,0.0001,0.00001,0.00001,1.00001,0.21696,0.45175,0.1017,0.11318,0.00279,0.22119,0.09582,0.93599,0.43596,0.79818,0.13964,0.18287,0.01357,0.69434,0.05528,0.14807,0.6443,0.83584
"ROP, stage 0",0.00001,0.00307,0.00001,0.00001,0.00001,0.02496,0.00001,0.00007,0.02397,0.00001,0.00012,0.1742,0.00001,0.00005,0.07715,0.00001,0.10138,0.29424,0.00009,0.43662,0.77503,0.00002,0.88818,0.93099
"ROP, stage 1",0.13965,0.10534,0.02836,0.01564,0.01673,0.38472,0.16744,0.00825,0.7641,0.57659,0.00335,0.19525,0.42617,0.05041,0.38884,0.00739,0.06063,0.12596,0.98005,0.36813,0.23576,0.35097,0.64576,0.54267
"ROP, stage 2",0.01321,0.51189,0.50083,0.01116,0.22351,0.93179,0.64282,0.45188,0.95238,0.61275,0.53215,0.04096,0.03849,0.61141,0.79982,0.0389,0.98345,0.01531,0.31743,0.15447,0.12939,0.96536,0.67983,0.73376
"ROP, stage 3",0.46951,0.21061,0.44389,0.00002,0.01177,1.00001,0.00016,0.68217,0.19146,0.86894,0.31583,0.06593,0.53734,0.23784,0.0357,0.39475,0.16136,0.04509,0.07599,0.97461,0.43959,0.69331,0.27141,0.59292
"ROP, stage unspec",0.1891,0.0358,0.11601,0.00001,0.00133,0.82195,0.86785,0.4575,0.80881,0.28685,0.42343,0.69783,1.00001,0.01656,0.00914,0.618,0.88199,0.25038,0.86816,0.47444,0.38706,0.14021,0.99418,0.94457
"RPE detachment, hemorrhagic",0.97837,0.53494,0.02363,0.00011,0.13826,0.6081,0.48351,0.0692,0.71522,0.46491,0.21621,0.69936,0.00637,0.19802,0.70581,0.41314,0.04534,0.92621,0.20433,0.03769,0.3304,0.01135,0.11919,0.16783
"RPE detachment, serous",0.20063,0.05981,0.00001,0.00001,0.00001,0.00306,0.00019,0.00001,0.00043,0.00001,0.00001,0.00051,0.00001,0.00001,0.00066,0.00002,0.00001,0.00121,0.00003,0.00001,0.00056,0.00001,0.00001,0.00001
"scleritis",0.83569,0.32778,0.00001,0.00001,0.00001,0.00908,0.08805,0.0001,0.10469,0.00102,0.00002,0.3736,0.0067,0.00584,0.56856,0.98224,0.0016,0.75699,0.53353,0.06358,0.15019,0.00473,0.01223,0.0391
"secondary uveitis - infectious",0.12785,0.40193,0.00018,0.00001,0.00086,0.74424,0.26009,0.02159,0.19606,0.06609,0.02029,0.31365,0.02158,0.05828,0.48326,0.49022,0.01213,0.68695,0.46839,0.13843,0.296,0.02935,0.04556,0.01407
"secondary uveitis - noninfectious",0.70474,0.26343,0.00001,0.00001,0.00001,0.00009,0.00007,0.00001,0.00013,0.00001,0.00001,0.00331,0.00011,0.0004,0.11638,0.03612,0.00013,0.22623,0.00226,0.00128,0.0011,0.00002,0.00008,0.00003
"superficial punctate keratitis",0.76956,0.48001,0.00001,0.00001,0.00001,0.0444,0.02168,0.00002,0.00719,0.00128,0.00101,0.05018,0.003,0.00975,0.4765,0.10911,0.00125,0.18943,0.03261,0.00646,0.00629,0.00002,0.0011,0.00036
"sympathetic uveitis",0.07047,0.06365,0.00003,0.00001,0.00036,0.31185,0.11303,0.0001,0.02215,0.02519,0.02564,0.16392,0.01577,0.0107,0.09374,1.00001,0.45499,0.5958,0.05124,0.00278,0.01011,0.00708,0.2081,0.00365
"toxoplasma oculopathy",0.95519,0.32986,0.00001,0.00001,0.00001,0.08327,0.00858,0.00002,0.08898,0.00002,0.00001,0.00006,0.00001,0.00106,0.01551,0.00643,0.00001,0.00443,0.00423,0.00002,0.17288,0.00001,0.00004,0.00009
"transient visual loss",0.96663,0.5908,0.00001,0.00001,0.00001,0.53862,0.84997,0.02701,0.24736,0.06159,0.09746,0.27911,0.04434,0.05402,0.73828,0.52352,0.08703,0.82041,0.29611,0.29459,0.10255,0.01394,0.09716,0.1634
"TRAO",0.41193,0.20728,0.00001,0.00001,0.00001,0.37596,0.87873,0.13404,0.07753,0.16312,0.00016,0.44842,0.78093,0.59753,0.11276,0.66305,0.58898,0.0173,0.02024,0.09965,0.61679,0.8829,0.05043,0.57071
"trichiasis w/o entropion",0.62612,0.2058,0.00001,0.00001,0.00001,0.19717,0.01134,0.00004,0.00168,0.0002,0.00063,0.03515,0.00214,0.00159,0.17728,0.06185,0.00327,0.43553,0.01553,0.00364,0.00561,0.00061,0.02428,0.00432
"trochlear nerve palsy",0.49727,0.51852,0.00001,0.00001,0.00002,0.25948,0.05681,0.00078,0.09944,0.00504,0.00102,0.07733,0.00634,0.01349,0.3592,0.39598,0.01594,0.62533,0.05584,0.02268,0.07667,0.00104,0.01423,0.00852
"unspec DR w/ DME",0.09393,0.17984,0.05148,0.00002,0.01286,0.12134,0.34019,0.5989,0.55509,0.02583,0.00759,0.00018,0.00539,0.00913,0.0001,0.00001,0.00065,0.00001,0.00009,0.00004,0.00021,0.00034,0.00002,0.00012
"unspec DR w/o DME",0.04178,0.54752,0.00011,0.00001,0.00001,0.52193,0.94642,0.15466,0.38258,0.23366,0.57325,0.23045,0.44233,0.87235,0.31101,0.97143,0.31007,0.16287,0.02265,0.07401,0.45089,0.82518,0.35856,0.39036
"unspec macular degeneration",0.34534,0.8444,0.00001,0.00001,0.00001,0.08711,0.18119,0.00387,0.21911,0.00491,0.00793,0.26959,0.0578,0.05506,0.4888,0.92333,0.18671,0.17344,0.33563,0.43706,0.16894,0.64009,0.6876,0.20253
"venous engorgement",0.19922,0.26935,0.00001,0.00001,0.00001,0.00012,0.002,0.00001,0.00001,0.00001,0.00001,0.00006,0.00003,0.00264,0.0021,0.00003,0.00001,0.00008,0.00157,0.00001,0.00001,0.00001,0.00001,0.00001
"visual cortex disorders",0.56104,0.57176,0.00001,0.00001,0.00001,0.07051,0.1419,0.00026,0.07806,0.00225,0.00209,0.19069,0.20258,0.01677,0.2636,0.40754,0.00405,0.04177,0.02099,0.0023,0.01681,0.00007,0.00291,0.01177
"visual field defects",0.68602,0.38915,0.00001,0.00001,0.00001,0.02105,0.02936,0.00001,0.00046,0.00002,0.00001,0.00693,0.0002,0.00024,0.34971,0.12549,0.00006,0.17889,0.02213,0.00324,0.00207,0.00002,0.00046,0.00002
"visual loss",0.00248,0.00002,0.00001,0.00001,0.00001,0.0001,0.0003,0.00003,0.01695,0.00236,0.00593,0.00361,0.00004,0.00001,0.00001,0.00001,0.00003,0.00013,0.00005,0.00007,0.00229,0.00105,0.00463,0.00042
"vitreomacular adhesion",0.47595,0.17968,0.00001,0.00001,0.00001,0.07312,0.08439,0.00003,0.03388,0.00001,0.00001,0.01758,0.00012,0.00033,0.45851,0.02806,0.00004,0.25727,0.06335,0.01886,0.25183,0.0002,0.00132,0.00396
"vitreous body crystalline deposits",0.83931,0.66091,0.00001,0.00001,0.00001,0.01054,0.01825,0.00003,0.00205,0.00003,0.00001,0.00292,0.00023,0.00006,0.04815,0.00308,0.00001,0.02021,0.00693,0.00073,0.00191,0.00001,0.00017,0.00015
"vitreous degeneration",0.93864,0.52018,0.00001,0.00001,0.00001,0.03224,0.03639,0.00001,0.00895,0.00001,0.00001,0.00169,0.00001,0.00003,0.16009,0.00079,0.00001,0.07863,0.00939,0.00151,0.01746,0.00001,0.00006,0.00006
"vitreous hemorrhage",0.03176,0.28268,0.00001,0.00001,0.00001,0.28693,0.00124,0.00025,0.41497,0.00003,0.00124,0.32135,0.00006,0.00794,0.87461,0.00261,0.00325,0.87074,0.00183,0.09554,0.86048,0.00001,0.04486,0.14388
"vitreous membranes/strands",0.00107,0.01149,0.00001,0.00001,0.00001,0.00422,0.00001,0.00001,0.00001,0.00001,0.00019,0.01768,0.00001,0.00006,0.01015,0.00001,0.00001,0.01218,0.00001,0.02414,0.04965,0.00001,0.2119,0.00397
"vitreous prolapse",0.52243,0.48376,0.00007,0.00001,0.00001,0.21746,0.04512,0.03873,0.32028,0.03247,0.02937,0.21692,0.0232,0.02694,0.88197,0.22342,0.24598,0.76851,0.42417,0.48076,0.77093,0.15885,0.23241,0.28507
"wet AMD, active CNV",0.23661,0.07625,0.00001,0.00001,0.00001,0.00152,0.0006,0.00001,0.00446,0.00001,0.00001,0.01523,0.00002,0.00002,0.01396,0.00139,0.00001,0.00326,0.00008,0.00001,0.00165,0.00001,0.00001,0.00005
"wet AMD, inactive CNV",0.18687,0.79263,0.00001,0.00001,0.00001,0.72223,0.00039,0.00003,0.1972,0.00001,0.00001,0.23903,0.00001,0.02019,0.43364,0.00003,0.00041,0.95828,0.00004,0.17043,0.85934,0.00001,0.07101,0.16152
"wet AMD, inactive scar",0.78416,0.52828,0.00001,0.00001,0.00004,0.74196,0.35295,0.00138,0.15596,0.00177,0.00305,0.15395,0.00722,0.00473,0.40422,0.19639,0.01993,0.69173,0.15663,0.02272,0.23461,0.00523,0.11228,0.09734
"xanthelasma",0.97255,0.74573,0.00001,0.00001,0.00001,0.00341,0.01619,0.00014,0.05652,0.01785,0.00008,0.15599,0.03506,0.11128,0.53977,0.32033,0.12058,0.96645,0.17534,0.24298,0.19264,0.00534,0.01827,0.05733
"zoster ocular disease",0.17885,0.18393,0.00952,0.00001,0.00672,0.355,0.20506,0.1686,0.16272,0.07545,0.02893,0.08303,0.03759,0.04836,0.64287,0.17735,0.11995,0.29169,0.13286,0.36284,0.13434,0.06132,0.06271,0.03854
