"","Diagnosis Name","Formula","MSE","RMSE","MAE","RMSPE","MAPE","R-squared","Extradispersion","Dispersion Type","Phi","Distribution","mean_monthly_pts","SD_monthly_pts","median_monthly_pts","IQR_monthly_pts","max_monthly_pts","min_monthly_pts"
"1","abducent nerve palsy","Y ~ year + as.factor(month) + sin_6 + cos_6","40271.7799409702","197.639261448407","162.339227044369","0.0569716430781316","0.0469056577945813","0.215395658824359","TRUE","overdispersed","8.85351720801999","negative binomial",3492.05,362.3,3522.5,314.75,4126,1622
"2","abnormal innervation syndrome","Y ~ as.factor(month) + sin_6 + cos_6 + sin_12 + cos_12 + sin_3 + cos_3","26.8330540327139","5.16181700874389","4.15036590966213","0.187203830286113","0.150189853775656","0.544281196997718","TRUE","underdispersed","0.68605700313816","Poisson",25.02,8.65,24,11.5,45,5
"3","accommodation disorders","Y ~ year + as.factor(month) + sin_3 + cos_3","2796.12682073865","52.5959107135499","42.2610859502268","0.0520239616387514","0.0422032043035762","0.777346317054499","FALSE","equidispersed","1.86228820144312","Poisson",921.47,181.66,931,182,1212,117
"4","acute postop pain NEC","Y ~ as.factor(month) + sin_6 + cos_6 + sin_12 + cos_12 + sin_3 + cos_3","1241.34132024839","33.7092705965456","29.4787522423738","0.287261079448134","0.256430241805398","0.290405285007384","TRUE","overdispersed","6.88164520993223","quasi-Poisson",129.07,25.09,129,37.75,175,65
"5","amblyopia, deprivation","Y ~ year + as.factor(month)","13476.2469239809","115.784115676935","95.4558248562011","0.0793530969758845","0.0653191390198672","0.404752725894512","TRUE","overdispersed","3.77893496483534","negative binomial",1426.73,194.8,1452,206.5,1647,356
"6","amblyopia, refractive","Y ~ year + as.factor(month)","766945.883976178","862.338652709679","669.959034828212","0.049540862209211","0.038115364594288","0.598826772740701","TRUE","overdispersed","28.3898141293476","negative binomial",17705.08,2798.03,17978.5,2292.75,21734,2934
"7","amblyopia, strabismic","Y ~ year + as.factor(month) + sin_3 + cos_3","270772.658114994","507.208321782056","413.665171405589","0.0600667526225364","0.0486238992475014","0.777344538401883","TRUE","overdispersed","9.02302653021925","negative binomial",8564.45,1255.75,8684,1121,10355,1887
"8","amblyopia, suspect","Y ~ year + as.factor(month) + sin_6 + cos_6","79019.3978384109","268.353877496521","222.04019260701","0.0971328859714537","0.0763729676722622","0.619006585172122","TRUE","overdispersed","16.7635041563961","negative binomial",3643.13,1135.26,3851.5,1562,5765,612
"9","amblyopia, unspec","Y ~ year + as.factor(month) + sin_6 + cos_6","952571.283131385","962.432479847084","798.9858351688","0.049794404952322","0.0409822976524894","0.513167826807838","TRUE","overdispersed","33.2976404328","negative binomial",18521.57,2714.64,18938.5,2621.5,22254,4854
"10","angoid streaks of macula","Y ~ year + as.factor(month)","988.505100933215","31.0940994642259","26.2564486173123","0.049033247136977","0.0412982503167422","0.401638009522075","TRUE","underdispersed","0.982359576307783","Poisson",634.53,58.44,640,50,737,373
"11","anisometropia/aniseikonia","Y ~ year + as.factor(month)","190689.702191341","432.084450200125","355.731528719887","0.0749359454108534","0.0606620845249915","0.337887837279245","TRUE","overdispersed","19.432060599199","quasi-Poisson",5707.57,879.65,5812.5,714.75,6943,951
"12","anterior synechiae (iris)","Y ~ year + sin_6 + cos_6 + sin_12 + cos_12 + sin_3 + cos_3","6065.2445225558","77.4768834433351","65.9369283443958","0.0809930842853888","0.0696551391699931","0.344740544552288","TRUE","overdispersed","3.4823648559125","negative binomial",910.42,138.81,915.5,145.25,1158,298
"13","anterior uveitis - acute, other/unspec","Y ~ year + as.factor(month) + sin_6 + cos_6","287356.841491864","517.197910875513","470.853386503202","0.107308854214911","0.0981658908544686","0.381178304560574","TRUE","overdispersed","14.6038441754062","negative binomial",4997.02,701.68,5045.5,1014,6350,3065
"14","anterior uveitis - acute, primary","Y ~ year + as.factor(month)","642483.19922436","792.600677863562","611.485685074678","0.0815173793567532","0.0647366549586572","0.043461606720794","TRUE","overdispersed","41.2453464912767","negative binomial",8991.45,877.96,9001.5,853.25,11076,4849
"15","anterior uveitis - acute, recurrent","Y ~ year + as.factor(month) + sin_6 + cos_6","195181.530279281","435.803604115394","350.042648613296","0.0814568831234964","0.0661683113915856","0.041271408605237","TRUE","overdispersed","17.8341544049761","negative binomial",4934.47,534.68,4938,560.75,5850,2452
"16","anterior uveitis - chronic","Y ~ year + as.factor(month)","137611.020261933","363.280649320325","294.271059553086","0.0592302511778979","0.0482204647545562","0.106467369010616","TRUE","overdispersed","15.331949934771","quasi-Poisson",5765.02,681.97,5874.5,729.5,6874,2617
"17","anterior uveitis - other","Y ~ as.factor(month) + sin_6 + cos_6 + sin_12 + cos_12 + sin_3 + cos_3","950543.979173158","962.700743876458","789.08172769175","0.082364188981142","0.0677903406042238","0.342480015012522","TRUE","overdispersed","22.4215257831101","negative binomial",11072.75,1259.78,11219,1494,13317,5600
"18","aphakia","Y ~ year + as.factor(month)","234069.447170713","474.522646723278","407.801220010891","0.0524541061090491","0.0447960288716343","0.385529390012561","TRUE","overdispersed","17.6920031451901","quasi-Poisson",8457.65,1267.5,8613.5,1503.5,10387,2816
"19","aphakic bullous k post-cataract surg","Y ~ year + sin_6 + cos_6 + sin_12 + cos_12 + sin_3 + cos_3","513.279170513826","22.1484518299253","17.027296076707","0.276433687290864","0.192556552839093","0.18799375903837","FALSE","equidispersed","2.50307271231246","Poisson",104.58,24.73,107.5,27,160,40
"20","astigmatism","Y ~ year + as.factor(month) + sin_3 + cos_3","302664267.12363","16750.8823794832","13319.5322624593","0.0679284441042444","0.0538444643454675","0.586703496337236","TRUE","overdispersed","463.257916950273","quasi-Poisson",248383.92,40795.71,256352.5,30528.5,298981,27845
"21","background retinopathy, unspec","Y ~ year + as.factor(month) + sin_12 + cos_12 + sin_3 + cos_3","2629.06351244736","50.6139708071882","41.1202701782013","0.0638270823125133","0.0512256841638935","0.414821936060129","FALSE","equidispersed","1.54216745965806","Poisson",747.83,119.83,764.5,133.5,947,272
"22","benign neoplasm - choroid","Y ~ year + as.factor(month)","9756189.45539204","3095.55513905508","2588.84165721643","0.0556099431630269","0.0458190655493581","0.607833001898233","TRUE","overdispersed","106.005397020958","negative binomial",59888.48,9553.03,62070,10680.5,74962,18612
"23","benign neoplasm - ciliary body","Y ~ year + as.factor(month)","23484.2772496548","152.440990062063","123.702922279139","0.0667400329172698","0.0542446472900314","0.446160522695209","TRUE","overdispersed","7.21192745532784","quasi-Poisson",2360.12,385.96,2443.5,370.25,3042,575
"24","benign neoplasm - conjunctiva","Y ~ year + as.factor(month)","26132.1658690125","159.743917935281","138.378572095388","0.0764860091168409","0.0653924958819143","0.316235188196351","TRUE","overdispersed","7.65189369546972","quasi-Poisson",2148.38,329.81,2193.5,250,2587,422
"25","benign neoplasm - cornea","Y ~ as.factor(month) + sin_6 + cos_6 + sin_12 + cos_12 + sin_3 + cos_3","1123.69819796271","33.3470650047994","25.1893758174509","0.244854918343985","0.185204765148815","0.163007387031086","FALSE","equidispersed","3.43483105038548","Poisson",118.42,32.57,120.5,46.5,193,26
"26","benign neoplasm - eyelid","Y ~ year + as.factor(month)","1782756.58364165","1313.9322266204","1129.36023131667","0.0880161458200025","0.0745061096858006","0.245920964784892","TRUE","overdispersed","69.6916875848399","negative binomial",14887.32,2499.63,15337.5,2807.5,18834,3004
"27","benign neoplasm - lacrimal","Y ~ year + sin_6 + cos_6 + sin_12 + cos_12 + sin_3 + cos_3","110.101899045464","10.4700352855427","8.00042903833785","0.177669804083709","0.134674007460302","0.00496241579836446","FALSE","equidispersed","1.56787491444229","Poisson",60.63,12.45,61,15.25,84,19
"28","benign neoplasm - orbit","Y ~ as.factor(month) + sin_6 + cos_6 + sin_12 + cos_12 + sin_3 + cos_3","3637.77910554307","60.0053633619159","50.2895759663079","0.0989486169229909","0.083543472863073","0.13443319392","FALSE","equidispersed","3.01122979342159","Poisson",570.62,84.29,578.5,74,718,171
"29","benign neoplasm - retina","Y ~ year + as.factor(month)","19720.6787142366","136.682031009528","102.624336088216","0.136046543852945","0.106769118671927","0.10416363139018","TRUE","overdispersed","12.8486476734349","quasi-Poisson",914.6,158.58,927,118.5,1434,178
"30","benign neoplasm - unspec","Y ~ year + as.factor(month)","18920.4855298027","135.916881803385","111.148399963743","0.0912666828669546","0.0740458534371486","0.537614714295184","TRUE","overdispersed","5.77668794861278","quasi-Poisson",1670.87,362.8,1717,402.25,2289,392
"31","blebitis","Y ~ as.factor(month) + sin_6 + cos_6 + sin_12 + cos_12 + sin_3 + cos_3","411.951705468646","19.8449437762133","17.0100718580132","0.0878523834468798","0.0759801885618242","0.333896480923894","TRUE","underdispersed","0.890864566570935","Poisson",212.45,24.29,213.5,22.5,267,116
"32","blepharitis","Y ~ as.factor(month) + sin_6 + cos_6 + sin_12 + cos_12 + sin_3 + cos_3","269229504.651342","16164.0137065547","13937.9652075453","0.132448668330182","0.114813259588091","0.263071410935614","TRUE","overdispersed","916.504797121336","quasi-Poisson",110381.83,20292.58,111784.5,26411.75,139374,27078
"33","blepharochalasis","Y ~ year + as.factor(month)","2537410.16476306","1541.23946233147","1399.92835993456","0.315533102959009","0.285569798574232","0.00892898744193173","TRUE","overdispersed","113.539339677416","negative binomial",4244.92,1371.65,3698,2304.75,6683,709
"34","blepharophimosis","Y ~ year + as.factor(month) + sin_12 + cos_12","349.785091155857","18.4370617224589","14.258054676346","0.162445257187951","0.122206486173815","0.413231580640831","TRUE","underdispersed","0.954903862570492","Poisson",119.77,25.84,120.5,23.5,176,21
"35","blepharospasm","Y ~ year + as.factor(month)","103757.350105784","313.950813314376","230.00380422553","0.0707512516341306","0.052323419599013","0.167380662841202","TRUE","overdispersed","15.8728085618329","quasi-Poisson",4263.35,577.33,4333,518.25,5207,1241
"36","BRAO","Y ~ year + as.factor(month) + sin_6 + cos_6","156208.328121168","389.396622100297","315.981147222409","0.0745535118488196","0.0604415022988777","0.362230808822794","TRUE","overdispersed","13.0414473526629","negative binomial",5162.17,600.89,5244.5,571.25,6172,2296
"37","BRVO","Y ~ year + as.factor(month)","4529682.58882809","2113.07470482598","1738.36770864857","0.0429747348271172","0.035115751678877","0.443498557674441","TRUE","overdispersed","63.0485912320073","negative binomial",51265.9,5227.95,52216.5,6998.5,59976,31318
"38","burn, corneal/conjunctival sac","Y ~ year + as.factor(month) + sin_6 + cos_6 + sin_12 + cos_12","886.961504366351","29.4749762347061","26.0484786478844","0.103408910099253","0.0892020290920047","0.471813420063173","FALSE","equidispersed","1.51939748431248","Poisson",280.45,45.02,290.5,68.5,378,145
"39","burn, eyelid/periocular","Y ~ year + as.factor(month) + sin_3 + cos_3","67.656850006339","8.11289396292291","6.48649778313005","0.24814722888953","0.195233806845253","0.263531092995055","TRUE","underdispersed","0.971552259571875","Poisson",35.23,8.74,34,10.25,60,18
"40","burn, other/unspec","Y ~ as.factor(month) + sin_6 + cos_6 + sin_12 + cos_12 + sin_3 + cos_3","297.327357981841","16.6538181694604","12.5685807603802","0.330423192055816","0.262709730007679","0.0865838121020657","FALSE","equidispersed","2.46208001558319","Poisson",45.35,12.34,44,12.25,114,28
"41","carcinoma in situ - eye","Y ~ year + sin_6 + cos_6 + sin_12 + cos_12 + sin_3 + cos_3","113.378550638578","10.3895689906439","8.26299432167514","0.112649027633322","0.0898248931115775","0.0818848131274303","FALSE","equidispersed","1.0985836417763","Poisson",93.5,15.94,94.5,20.25,126,43
"42","carcinoma in situ - eyelid","Y ~ year + sin_6 + cos_6 + sin_12 + cos_12 + sin_3 + cos_3","304.754526099814","17.1921389619663","14.4680471950565","0.250995136988293","0.203996757919786","0.0893146148633248","FALSE","equidispersed","1.52012766142832","Poisson",64.82,17.03,64,22.25,106,21
"43","cataract, age-related","Y ~ year + as.factor(month) + sin_3 + cos_3","1297114092.51314","35158.8582819157","28143.3335543455","0.0360720760796606","0.0287921522978342","0.758347370682962","TRUE","overdispersed","535.294441736521","quasi-Poisson",951406.5,132845.42,981232.5,97195.5,1146432,218844
"44","cataract, infantile/juvenile","Y ~ year + as.factor(month)","34317.7605957683","182.130406540773","162.708061678317","0.114054202250589","0.100028159975544","0.696366242332382","TRUE","overdispersed","6.02196171496108","quasi-Poisson",1458.53,347.15,1420.5,417,2150,338
"45","cataract, other/unspec","Y ~ year + as.factor(month) + sin_6 + cos_6 + sin_3 + cos_3","7438757.38502919","2631.01885314179","2370.5267945234","0.16211183197706","0.148003617821435","0.52263512863742","TRUE","overdispersed","109.845548396006","quasi-Poisson",11762.07,5303.38,14013,9898.5,21058,1680
"46","cataract, secondary","Y ~ year + as.factor(month) + sin_6 + cos_6","150194226.22645","11938.5899707184","9789.03218799723","0.0596100925491677","0.0481925729934367","0.587804984749135","TRUE","overdispersed","389.681350751351","negative binomial",205986.85,30404.87,212043,25932.75,253728,46061
"47","cataract, traumatic","Y ~ year + as.factor(month) + sin_12 + cos_12","10247.0917978085","99.6733313911533","85.6691019362098","0.0692951332039983","0.0598813007474794","0.277760799999779","TRUE","overdispersed","3.35114859092254","negative binomial",1340.77,191.2,1373,175.25,1754,406
"48","central serous chorioretinopathy","Y ~ year + as.factor(month)","397976.958162906","622.467998673997","518.849369727124","0.0561038951764957","0.0466434269814138","0.535625677754767","TRUE","overdispersed","15.0280462468573","negative binomial",11442.38,1492.57,11495,1713,13999,5643
"49","chalazion","Y ~ year + as.factor(month) + sin_6 + cos_6 + sin_12 + cos_12 + sin_3 + cos_3","6199508.20515251","2373.25304474154","2005.77479561204","0.0678987188216238","0.0559709101724179","0.66075074302149","TRUE","overdispersed","36.934506726449","negative binomial",36896.45,5169.85,37241,6177.25,44729,15496
"50","chorioretinal scars","Y ~ year + as.factor(month) + sin_3 + cos_3","3633421.21787977","1864.801518992","1430.2133224042","0.0563611907277268","0.0429808952893566","0.672911431763145","TRUE","overdispersed","30.200604485363","negative binomial",33199.22,4448.53,33804,3796,40803,10103
"51","chorioretinal scars following detach surg","Y ~ year + as.factor(month)","68329.9415934932","257.723943044944","211.289632283318","0.0750123957083514","0.0607704656385827","0.480672863040686","TRUE","overdispersed","6.91621063702326","negative binomial",3636.63,481.63,3713.5,533.25,4435,1462
"52","choroidal degenerations","Y ~ year + as.factor(month)","24317.759688795","155.669832383976","131.176799575013","0.0637059226442688","0.0539889960898059","0.511516168242823","TRUE","overdispersed","6.75173521298241","negative binomial",2635.92,530.4,2676,588.75,3625,809
"53","choroidal detachment","Y ~ year + as.factor(month) + sin_3 + cos_3","15960.5502553185","124.029648709969","97.4130743812835","0.0642163229840683","0.0499976200718553","0.322612629606189","TRUE","overdispersed","4.78222249838827","negative binomial",1931.7,190.68,1934.5,194,2280,1137
"54","choroidal hemorrhage","Y ~ year + sin_6 + cos_6 + sin_12 + cos_12 + sin_3 + cos_3","1316.70636981824","35.8910713329913","28.8775168942874","0.0798868836694119","0.0630964445725404","0.129711179984599","FALSE","equidispersed","2.10141158877642","Poisson",444.2,51.36,452.5,59.5,527,245
"55","choroidal rupture","Y ~ year + as.factor(month) + sin_6 + cos_6","1660.20654358832","40.0955911206789","33.128226770265","0.121142519421695","0.101192965739942","0.206954709933309","FALSE","equidispersed","1.90848083575698","Poisson",313.42,39.62,317.5,35,385,127
"56","CME post-cataract surg","Y ~ year + as.factor(month)","75502.4402558405","269.702187644365","231.807566655191","0.0651361612410046","0.055901074415497","0.346216550356243","TRUE","overdispersed","13.2016890454078","negative binomial",4300.03,552.11,4394,619,5378,2018
"57","color vision deficiencies","Y ~ year + as.factor(month) + sin_3 + cos_3","9352.88586286751","94.8883843916472","79.9459791435616","0.0904020829818047","0.0755889575856889","0.45695286169543","TRUE","overdispersed","4.89238979701457","negative binomial",1066.7,202.68,1097.5,196.25,1407,197
"58","conjunctival degen/deposits","Y ~ year + as.factor(month)","10197330.3272422","3162.83294791726","2589.62724029258","0.0738156264651517","0.0598192755884655","0.405210643548046","TRUE","overdispersed","102.837022633187","quasi-Poisson",43540.33,6357.1,44358,5229,53491,9506
"59","conjunctival hemorrhage","Y ~ year + as.factor(month) + sin_6 + cos_6 + sin_12 + cos_12 + sin_3 + cos_3","2405933.41235723","1501.4828999187","1223.76449173954","0.074153343460645","0.0595453189652639","0.499187230864272","TRUE","overdispersed","27.5159593852038","negative binomial",19965.77,2628.58,20003.5,2805.75,24416,8279
"60","conjunctival scars","Y ~ year + as.factor(month) + sin_3 + cos_3","17811.8647757521","131.862913610997","103.184421782871","0.0988754855840724","0.0764811838352708","0.303930906570752","TRUE","overdispersed","5.16921871595196","quasi-Poisson",1361.23,165.32,1371.5,151.25,1614,527
"61","conjunctivitis - infectious","Y ~ year + as.factor(month)","1271382.09579581","1107.10985688566","843.469166640902","0.0763355278531764","0.0589905902737915","0.180821977036738","TRUE","overdispersed","57.3428480724446","negative binomial",12438.52,2612.07,13377,4599.75,16935,5366
"62","conjunctivitis - noninfectious","Y ~ year + as.factor(month) + sin_3 + cos_3","24096212.7419661","4797.40973933382","3721.59353553296","0.0670227005958813","0.0516518033876492","0.86015689829212","TRUE","overdispersed","134.036182460288","negative binomial",70278.37,12407,71030,15540,95881,21955
"63","conjunctivitis - other/unspec","Y ~ year + as.factor(month) + sin_6 + cos_6","92935.4346354341","296.842019600689","252.165302242047","0.0544861328394693","0.0459775640213399","0.545299521695753","TRUE","overdispersed","12.1550565141224","negative binomial",4936.17,917.48,5199,1454,6330,2073
"64","conjunctivitis - other/unspec acute","Y ~ as.factor(month) + sin_6 + cos_6 + sin_12 + cos_12 + sin_3 + cos_3","291715.17939535","536.420256684559","438.35996401829","0.0648709625694161","0.0528266176312719","0.611345139050797","TRUE","overdispersed","13.0051849403965","negative binomial",7278.05,1499.61,7657,2755.25,9394,3401
"65","conjunctivitis - other/unspec chronic","Y ~ as.factor(month) + sin_6 + cos_6 + sin_12 + cos_12 + sin_3 + cos_3","1311651.61608368","1117.98796780314","957.852776032355","0.0921765980194866","0.0791276251341518","0.530362848474222","TRUE","overdispersed","32.9645864577324","negative binomial",10675.65,2232.97,11135,3599.25,14112,3567
"66","corneal degen - arcus senilis","Y ~ year + as.factor(month)","227794.959799065","476.461326975921","406.865779305084","0.0539513223802722","0.0459635517933597","0.54524887718727","TRUE","overdispersed","17.2526298716394","quasi-Poisson",8845.23,1347.48,9095.5,1091.25,11262,2104
"67","corneal degen - band keratopathy","Y ~ year + as.factor(month) + sin_3 + cos_3","41685.9117231079","203.849117022691","173.331911302434","0.0386629186608596","0.0326342292855903","0.691431976289335","TRUE","overdispersed","4.8847184325695","negative binomial",5304.62,686.95,5440,598.25,6389,1694
"68","corneal degen - nodular","Y ~ year + as.factor(month) + sin_3 + cos_3","71157.6401829664","260.731846265407","220.270667689476","0.0636674071140988","0.0538600972939831","0.67687879892868","TRUE","overdispersed","8.25219201686482","quasi-Poisson",4251,691.28,4347,668.5,5347,826
"69","corneal degen - other/unspec","Y ~ year + as.factor(month) + sin_6 + cos_6 + sin_3 + cos_3","18707.2727188267","132.227682970015","100.481786608147","0.0812848816240677","0.0624631287530565","0.218099794710951","TRUE","overdispersed","7.22550509779559","quasi-Poisson",1593.85,228.48,1590.5,214.75,1967,494
"70","corneal degen - peripheral","Y ~ year + sin_6 + cos_6 + sin_12 + cos_12 + sin_3 + cos_3","5258.91977443537","71.7678278076056","59.7247665591577","0.0895006139047546","0.0727038680917953","0.066186186517898","TRUE","overdispersed","4.58960626990581","negative binomial",803.73,145.36,789.5,177.75,1078,192
"71","corneal edemas","Y ~ year + as.factor(month) + sin_3 + cos_3","476442.566875242","669.080172460998","505.317207725162","0.0408008794076703","0.0308559836261267","0.64683380900534","TRUE","overdispersed","15.0385481817448","quasi-Poisson",16132.13,1941.17,16411,1968.5,18812,6046
"72","corneal membrane changes","Y ~ as.factor(month) + sin_6 + cos_6 + sin_12 + cos_12 + sin_3 + cos_3","2746.5703536264","51.0460170050238","43.2148722950753","0.0829593891064817","0.070767835307973","0.348837581422371","FALSE","equidispersed","1.62979582539533","Poisson",568,92.25,583.5,108,711,183
"73","corneal neovascularization","Y ~ year + as.factor(month)","101914.805450988","312.569717428814","258.273318377185","0.0666856859791979","0.0548448881441495","0.37945694975909","TRUE","overdispersed","9.09403402595646","negative binomial",4582.87,628.73,4638,513.25,5322,1152
"74","corneal pigmentations/deposits","Y ~ year + as.factor(month) + sin_3 + cos_3","9803.86675740736","98.3281403037316","81.8034477523533","0.0626881767337452","0.0520545388619946","0.544303833207884","TRUE","overdispersed","3.31503551288652","quasi-Poisson",1556.97,216.84,1580.5,168,1950,385
"75","corneal scars/opacities - central","Y ~ year + as.factor(month)","97627.9054370371","311.152948601073","257.274570357099","0.0438740653682432","0.0356863299604092","0.479571982175414","TRUE","overdispersed","9.39106236628114","negative binomial",6963.1,934.95,7116,799,8127,1998
"76","corneal scars/opacities - minor/other","Y ~ year + as.factor(month)","1309697.75032625","1131.9983724883","937.650774924912","0.0374891191779754","0.0307355488862498","0.586505110316894","TRUE","overdispersed","29.5270309036988","negative binomial",30640.08,4138.46,31479.5,3249,36358,7595
"77","corneal transplant failure","Y ~ year + as.factor(month)","2180.07397138884","46.164852614413","39.5582557931596","0.0468686174663108","0.0401446262966724","0.606846399020153","FALSE","equidispersed","1.56092056851011","Poisson",986.53,137.59,989,166.25,1284,336
"78","corneal transplant rejection","Y ~ year + sin_6 + cos_6 + sin_12 + cos_12 + sin_3 + cos_3","5319.56602448141","72.173076606674","52.4347130678867","0.0593333532018103","0.0420738243531111","0.0534664746868091","FALSE","equidispersed","3.01427896913309","Poisson",1213.87,131.54,1252.5,136.25,1397,570
"79","corneal ulcer - perforated","Y ~ year + sin_6 + cos_6 + sin_12 + cos_12 + sin_3 + cos_3","496.161283056758","22.0577813625952","17.6751726443244","0.0836455887874887","0.068160208132325","0.0133449197707914","FALSE","equidispersed","1.31179137947934","Poisson",258.92,25.45,263.5,34.25,306,194
"80","corneal ulcer - unperforated, iso epi defect","Y ~ year + as.factor(month) + sin_6 + cos_6 + sin_12 + cos_12 + sin_3 + cos_3","2609714.47453487","1559.10842505487","1213.40109387013","0.0849930096984263","0.0648666273728027","0.504589479043079","TRUE","overdispersed","29.7115036663612","negative binomial",18523.12,2196.81,18987,2516.75,22668,10498
"81","corneal ulcer - unperforated, w/ str involv","Y ~ year + as.factor(month)","454726.595138627","662.396235037351","503.167211155505","0.0607517194412182","0.0464505183669807","0.24493017106885","TRUE","overdispersed","29.197228002293","negative binomial",10310.3,1190.24,10297,1428.25,12151,5372
"82","corrosion, cornea/conjunctival sac","Y ~ year + sin_6 + cos_6 + sin_12 + cos_12 + sin_3 + cos_3","874.980240409428","29.1468036714435","24.6058089494245","0.11520178534328","0.0927443567124316","0.365829810345306","TRUE","overdispersed","2.31955397983176","quasi-Poisson",260.93,42.69,264.5,57.5,364,158
"83","corrosion, eyelid/periocular","Y ~ year + sin_6 + cos_6 + sin_12 + cos_12 + sin_3 + cos_3","111.504311002035","10.4187147580589","8.70268746818513","0.154560419220301","0.131917985970404","0.185703376083716","FALSE","equidispersed","1.35082161467293","Poisson",75.67,27.07,70,17.75,176,37
"84","corrosion, other/unspec","Y ~ year + sin_6 + cos_6 + sin_12 + cos_12 + sin_3 + cos_3","137.872193721985","11.3566064438277","8.17233655264701","0.267047085491425","0.2060467633167","0.234409879642157","FALSE","equidispersed","2.03932400012091","Poisson",41.45,12,41.5,15,86,18
"85","CRAO","Y ~ year + as.factor(month)","114897.699282086","334.171373058806","274.726377193295","0.0751610936887468","0.0617359819099719","0.23380997325043","TRUE","overdispersed","12.742388564323","negative binomial",4409.1,449.56,4516.5,443.5,5067,2194
"86","CRVO","Y ~ year + as.factor(month) + sin_6 + cos_6","2676625.29647469","1624.13280898233","1337.49421332177","0.0464502957539018","0.0379797251886923","0.360079997002751","TRUE","overdispersed","56.0425429979574","negative binomial",35891.5,3200.56,36457.5,3883.75,41582,23758
"87","cystoid macular degeneration","Y ~ year + as.factor(month)","2644567.15197011","1618.17175467177","1386.01283133861","0.0445027665752937","0.0379056971426676","0.390107457316948","TRUE","overdispersed","47.6592847999273","negative binomial",35897.35,3663.43,36565,3714.5,40979,17371
"88","dacryoadenitis - acute","Y ~ year + as.factor(month)","186.592223998955","13.4186487768592","11.3459928442154","0.118699528641832","0.0971796830874039","0.314388254668327","TRUE","underdispersed","0.980959948108728","Poisson",107.78,22.41,107.5,31.5,154,39
"89","dacryoadenitis - chronic","Y ~ year + sin_6 + cos_6 + sin_12 + cos_12 + sin_3 + cos_3","222.517034472047","14.0278919381435","11.0950534346767","0.099331491197185","0.0751573464187909","0.3159734657905","FALSE","equidispersed","1.31917055239282","Poisson",147.58,21.83,150,23.5,184,49
"90","dacryoadenitis - unspec","Y ~ year + as.factor(month) + sin_12 + cos_12","750.789863818339","26.367179588926","21.7978994955166","0.233183572516754","0.192239041789082","0.454134491235248","FALSE","equidispersed","1.80357175601719","Poisson",90.28,38.76,86.5,73,163,20
"91","degenerative myopia","Y ~ as.factor(month) + sin_6 + cos_6 + sin_12 + cos_12 + sin_3 + cos_3","12251413.9687646","3450.40852059873","2902.13426921458","0.144806322442587","0.122321808075729","0.297035103526258","TRUE","overdispersed","257.525148642941","quasi-Poisson",22422,3455.61,22450,3178.25,28110,6800
"92","dermatochalasis","Y ~ year + as.factor(month)","39715948.4657259","6164.84222847952","5078.45347406301","0.0677194735658653","0.0551018565039637","0.52154845734972","TRUE","overdispersed","192.227913856171","quasi-Poisson",93174.4,13972.64,95122.5,12647,114349,19367
"93","diabetic cataract","Y ~ year + as.factor(month)","108226.969233077","321.944574443335","291.089671063472","0.183391430692678","0.163997855485321","0.162415694874816","TRUE","overdispersed","37.8828865343352","quasi-Poisson",1635.67,533.84,1421.5,894,2648,430
"94","diplopia","Y ~ year + as.factor(month) + sin_6 + cos_6","1212809.47508306","1090.07785872888","887.796221553944","0.0523070010494656","0.0425648694596578","0.397255703659457","TRUE","overdispersed","44.0817013547602","negative binomial",21659.75,3174.98,22025.5,2905.5,27019,6427
"95","DME resolved after tx","Y ~ year + as.factor(month)","6087.79119424554","77.3647320480256","61.4708890664523","0.0625120577144835","0.0487024513751566","0.459477924790968","FALSE","equidispersed","2.88192889427409","Poisson",1269.95,150.68,1283,133.5,1518,627
"96","drusen of macula","Y ~ year + as.factor(month)","9956628.39546913","3144.63428994297","2687.21552848356","0.0454379545273039","0.0383958409828127","0.631492070154815","TRUE","overdispersed","98.0456235311525","negative binomial",68939.3,10282.07,70153.5,8454.5,87611,15384
"97","dry AMD, adv stage w/ subfov involv","Y ~ year + as.factor(month) + sin_6 + cos_6","1430897.07764403","1189.67521322651","960.731468937362","0.0626260527811649","0.0502316570903909","0.431126524621698","TRUE","overdispersed","46.2070609127359","negative binomial",18463.17,2229.87,18955,2053,22085,7831
"98","dry AMD, adv stage w/o subfov involv","Y ~ year + as.factor(month) + sin_6 + cos_6 + sin_3 + cos_3","456697.694355851","673.466788287339","546.344263466809","0.0453994100534447","0.0365154058997526","0.65722825976827","TRUE","overdispersed","17.2961955545677","negative binomial",14319.37,1721.3,14524,1739.75,16866,6241
"99","dry AMD, early stage","Y ~ year + as.factor(month) + sin_6 + cos_6","23872493.5070612","4829.24383114774","4054.23878998275","0.0447082818281686","0.0372158248237845","0.65527334219159","TRUE","overdispersed","164.854224552115","negative binomial",108859.25,14888.63,111427,12283.25,133957,31260
"100","dry AMD, intermediate stage","Y ~ year + as.factor(month)","22219907.2061384","4635.98545462732","3863.63135885665","0.0395483273953151","0.0327529798624582","0.612905765551229","TRUE","overdispersed","129.554480908369","negative binomial",118328.62,12740.29,120266,12726.75,141656,58360
"101","dry AMD, unspec stage","Y ~ year + as.factor(month)","30124834.974814","5054.68974023483","4734.18741933901","0.20399716400634","0.191928805228163","0.743338374855184","TRUE","overdispersed","205.859223057249","quasi-Poisson",19599.17,8631.7,16955,9861.5,40323,4468
"102","dry eye syndrome","Y ~ year + as.factor(month) + sin_6 + cos_6","443691255.361204","20583.4439582004","17095.5422601894","0.0522489148120569","0.0427196307112496","0.507238787523037","TRUE","overdispersed","704.689224056","negative binomial",410262.5,60248.62,421390,51900.25,508779,101238
"103","ectropion","Y ~ year + as.factor(month) + sin_6 + cos_6","704185.341787553","821.599942627288","686.138468733914","0.0592891874750439","0.0488253064045511","0.373042293708686","TRUE","overdispersed","31.8392587868865","negative binomial",13527.77,2052.53,13858,1936.5,16441,3411
"104","enophthalmos","Y ~ year + as.factor(month) + sin_3 + cos_3","964.793090479155","30.8441280722091","25.944161685657","0.110527342091846","0.0925077384447064","0.158134182524443","FALSE","equidispersed","1.46107212156886","Poisson",274.37,36.96,275.5,32.75,334,92
"105","entropion","Y ~ year + as.factor(month) + sin_3 + cos_3","134870.680599643","359.548623044403","263.980933066415","0.0571430422513589","0.0424189277874008","0.541715201327013","TRUE","overdispersed","9.38351378890979","quasi-Poisson",6081.78,815.35,6209.5,743,7035,1644
"106","epiphora","Y ~ year + as.factor(month) + sin_6 + cos_6 + sin_3 + cos_3","760311.977264434","852.808612174246","659.50936633391","0.0628422574475226","0.048673588965235","0.509911555402578","TRUE","overdispersed","27.0841087342659","negative binomial",13082.95,1957.46,13330.5,1800.25,16004,3222
"107","episcleritis","Y ~ year + as.factor(month) + sin_6 + cos_6 + sin_12 + cos_12","105848.541221492","318.361709212242","249.643908886688","0.0549498891694036","0.0433224952922073","0.368595491894994","TRUE","overdispersed","9.11551487515507","negative binomial",5580.03,603.9,5638.5,598.5,6300,2526
"108","esotropia","Y ~ year + as.factor(month)","670354.473317852","810.799916373835","654.933927811075","0.0604485368796041","0.0484471354061786","0.375077526528976","TRUE","overdispersed","34.3125977731948","negative binomial",13112.65,1932.79,13184,1610.75,15304,2572
"109","exophthalmos","Y ~ year + as.factor(month) + sin_6 + cos_6","27513.867943792","162.829014693392","139.303316345046","0.0576155032228103","0.0485912468481209","0.42333696110127","TRUE","overdispersed","6.31594464692969","negative binomial",2945.07,427.14,2975,419.5,3548,832
"110","exotropia","Y ~ year + as.factor(month)","848877.820845971","909.563718659046","743.732587772133","0.071353064714594","0.0574248240292604","0.410009902304322","TRUE","overdispersed","34.2160162739392","negative binomial",13175.78,1957.33,13378,1658.5,15742,2863
"111","exudative retinopathy","Y ~ year + as.factor(month) + sin_3 + cos_3","2822.13824970923","52.8602669093137","37.2670809968817","0.0559100941642496","0.0398305761457691","0.271781578342142","FALSE","equidispersed","1.87767141360551","Poisson",934.87,114.15,945.5,97,1096,389
"112","eye avulsion","Y ~ year + as.factor(month) + sin_3 + cos_3","130.027975419807","11.3490913589938","9.1463211106142","0.198242974174159","0.163022342182131","0.126153051508668","TRUE","underdispersed","1.11721090151941","Poisson",51.33,10.86,51,13.25,83,19
"113","eyeball/orbital tissue contusion","Y ~ year + as.factor(month)","92084.1851643399","303.279061947687","245.628031366752","0.070144852482838","0.0566109159075672","0.161396866205423","TRUE","overdispersed","14.3269280082231","negative binomial",4399.28,530.55,4439,704.25,5263,2213
"114","eyelid cysts","Y ~ year + as.factor(month)","317412.485508664","549.598947214065","432.109834963158","0.0780304522236878","0.0613521498928732","0.224810535088916","TRUE","overdispersed","30.9069361720537","negative binomial",6977.77,1117.54,7120,938.75,8478,1167
"115","eyelid dermatoses - noninfectious","Y ~ as.factor(month) + sin_6 + cos_6 + sin_12 + cos_12 + sin_3 + cos_3","3585744.96059344","1867.93877230763","1684.4506279204","0.190127538143082","0.173322270861475","0.270883774393859","TRUE","overdispersed","116.20583621107","quasi-Poisson",8841.83,1559.68,8872,1895,11555,2808
"116","eyelid edema","Y ~ year + sin_6 + cos_6 + sin_12 + cos_12 + sin_3 + cos_3","72706.3630474926","258.585857405828","211.738295491733","0.105754436737679","0.0878916752867045","0.0752409435561079","TRUE","overdispersed","23.4478009557442","negative binomial",2343.45,296.29,2369.5,345.25,2911,1197
"117","eyelid retraction","Y ~ year + as.factor(month) + sin_6 + cos_6 + sin_12 + cos_12","21229.006305379","141.760013352691","124.051249789762","0.0657528004612427","0.0573103392436826","0.330999413827867","TRUE","overdispersed","6.66954987805542","negative binomial",2109.5,303.68,2142,296.5,2480,472
"118","eyelid vascular anomalies","Y ~ year + sin_6 + cos_6 + sin_12 + cos_12 + sin_3 + cos_3","1068.95422716077","32.4440966342919","26.4559169901926","0.21973114125642","0.172096642134676","0.0929221787895242","TRUE","overdispersed","3.61191668146034","quasi-Poisson",132.97,48.76,144,81.25,267,17
"119","eyelid/periocular open wound","Y ~ year + as.factor(month)","6735.53383547505","80.9374623237091","66.1784746224261","0.118962875153916","0.0993886802246429","0.0321684512027899","TRUE","overdispersed","6.16423063484099","negative binomial",634.45,71.26,636.5,78.25,782,353
"120","eyelid/periocular superficial injury","Y ~ year + as.factor(month) + sin_6 + cos_6 + sin_12 + cos_12","14396.9184152182","118.067377283748","102.520670475989","0.0722582822425756","0.0627338889359808","0.467853868765147","TRUE","overdispersed","6.04532232835907","negative binomial",1566.02,229.9,1585.5,310,1963,647
"121","FB, conjunctival sac","Y ~ year + as.factor(month) + sin_6 + cos_6 + sin_3 + cos_3","102304.455726405","313.478177543335","269.92822894108","0.0673914748693561","0.0577771310442774","0.632025437163872","TRUE","overdispersed","14.9903341735249","negative binomial",4588.33,582.18,4589,817.5,5736,2667
"122","FB, cornea","Y ~ year + as.factor(month) + sin_3 + cos_3","357465.593311692","585.560564675293","476.207186469175","0.0849328365033583","0.0687022456935116","0.521908337902323","TRUE","overdispersed","32.7847089372375","quasi-Poisson",6797.47,805.73,6887.5,1203.5,8211,4826
"123","FB, external eye other/unspec","Y ~ year + as.factor(month)","2515.48619943752","49.1876609512745","39.5811298237847","0.120856557976747","0.0963847485895453","0.257404191269552","TRUE","overdispersed","2.63191536079556","negative binomial",410.53,52.38,410.5,65,516,249
"124","Fuch's endothelial dystrophy","Y ~ year + as.factor(month) + sin_6 + cos_6","3137618.91686226","1728.37462340401","1403.64553230783","0.043972116763797","0.0352295869968092","0.671178408625953","TRUE","overdispersed","50.1777646849071","negative binomial",39344.23,5635.92,40312.5,4721,48216,8599
"125","glaucoma, absolute","Y ~ year + as.factor(month) + sin_12 + cos_12","1744.68306353284","41.5769546405626","34.2201357981164","0.0504714763163945","0.0406420423805668","0.49726269100849","FALSE","equidispersed","1.40947198575467","Poisson",833.68,107.89,846.5,81.75,1031,298
"126","glaucoma, OAG","Y ~ year + as.factor(month)","99126067.3577248","9664.65187321268","7979.98047698495","0.029577504343273","0.0242411302539697","0.677351705135932","TRUE","overdispersed","203.494064082729","negative binomial",315515.18,40285.06,319768.5,33657.75,373264,94260
"127","glaucoma, other/unspec","Y ~ year + as.factor(month)","1826964.57034547","1322.83114858649","1124.55336093557","0.0582878863273951","0.0497640471591265","0.562422471002591","TRUE","overdispersed","26.3227275116018","negative binomial",21480.43,2322.01,21671,2404.25,25545,11016
"128","glaucoma, PACG - acute","Y ~ year + as.factor(month) + sin_6 + cos_6","11325.9950902049","104.612219132585","79.093425772501","0.0641977695244996","0.0489007934567784","0.130215426961068","TRUE","overdispersed","4.3522328494998","quasi-Poisson",1513.82,175.94,1542,204.25,1812,664
"129","glaucoma, PACG - chronic","Y ~ year + as.factor(month)","213211.998578714","458.200311799072","340.124615921284","0.0461800576696033","0.0344816842522312","0.413642454558257","TRUE","overdispersed","14.0462352587242","negative binomial",9476.75,1180.7,9672.5,994.75,10922,3092
"130","glaucoma, PACG - other/unspec","Y ~ year + as.factor(month)","47830.4176682451","208.285299403405","160.013877267673","0.0738740753732816","0.057659649653686","0.266046480359237","TRUE","overdispersed","10.9627921937717","negative binomial",2440.48,485.08,2548,713.75,3429,727
"131","glaucoma, PXG","Y ~ year + as.factor(month) + sin_6 + cos_6","171085.325772505","406.006530241406","318.28094836744","0.0403466320595271","0.0313494146804369","0.595345108646192","TRUE","overdispersed","12.2103724047973","negative binomial",9791.42,1305.27,9990,950,11858,2927
"132","glaucoma, secondary to drugs","Y ~ year + as.factor(month) + sin_12 + cos_12","19177.7117087066","135.029241008059","112.577796736674","0.046194667934203","0.0383564859365226","0.574771112478109","FALSE","equidispersed","2.66878738761732","Poisson",2862.22,272.9,2879,286.75,3279,1491
"133","glaucoma, secondary to eye infl","Y ~ year + as.factor(month)","38251.4967403221","194.439819846827","157.09929096885","0.0492007531797093","0.0399684104790712","0.306012430409292","TRUE","overdispersed","6.36235031082627","negative binomial",3853.47,371.5,3888,319.25,4501,1827
"134","glaucoma, secondary to eye trauma","Y ~ year + as.factor(month)","11130.0284507002","103.624379999461","84.9703038576462","0.0444944935392885","0.0362885496518563","0.36794528701941","TRUE","overdispersed","3.2367587596267","negative binomial",2265.67,265.91,2292.5,254.75,2582,794
"135","glaucoma, secondary to other eye dis","Y ~ year + as.factor(month)","93058.5656369832","302.846960325237","245.694402130947","0.0486739097991922","0.0391509280818937","0.350503365133156","TRUE","overdispersed","9.2718798475053","negative binomial",6334.7,695,6454.5,819.5,7462,2935
"136","glaucoma, suspect","Y ~ year + as.factor(month) + sin_3 + cos_3","157626417.206957","12223.1894175216","9843.23212636577","0.0351834022941304","0.0282384303660355","0.748639828908018","TRUE","overdispersed","180.935606122985","quasi-Poisson",345944.05,48098.96,353473,36101.5,419233,83055
"137","globe degen conditions","Y ~ year + as.factor(month)","28809.401666632","167.525779832173","135.49583534664","0.0613204401741417","0.0487866599276216","0.431726609392179","TRUE","overdispersed","6.4404777921758","quasi-Poisson",2644.63,377.54,2645.5,370.75,3195,912
"138","goniosynechiae","Y ~ year + as.factor(month) + sin_6 + cos_6","3092.06829502572","52.9993672878861","45.1433561197165","0.263150285773727","0.218313537219517","0.0390825875552649","TRUE","overdispersed","8.45269612490954","quasi-Poisson",198.17,47.64,193.5,49,387,57
"139","hereditary choroidal dystrophies","Y ~ year + as.factor(month) + sin_3 + cos_3","11746.9130813072","106.429310857924","87.6810713014045","0.0993814566721753","0.0832260511449804","0.0928842629953679","TRUE","overdispersed","7.34598347824796","quasi-Poisson",1138.88,253.49,1153,350,1588,228
"140","hereditary retinal dystrophies","Y ~ year + as.factor(month) + sin_3 + cos_3","253931.649186358","501.736676432701","393.597162571731","0.0426367073144424","0.0330358967462868","0.685550799363814","TRUE","overdispersed","10.4317418653344","negative binomial",12336.82,1963.37,12547,2269.5,15440,3271
"141","herpesviral ocular disease","Y ~ year + as.factor(month)","2478.62428371192","49.6739194071561","42.1258803672263","0.070284551948071","0.0591990234287259","0.202907264240422","FALSE","equidispersed","1.63683555642597","Poisson",726.12,82.19,734.5,75.5,866,340
"142","herpesviral ocular disease - other","Y ~ year + sin_6 + cos_6 + sin_12 + cos_12 + sin_3 + cos_3","14895.1192885737","112.661065654709","75.3090967056514","0.170777785706197","0.129601051133681","0.121504352454018","FALSE","equidispersed","17.7125160839266","Poisson",509.05,98.97,513,82.25,1089,240
"143","heterophoria","Y ~ year + as.factor(month)","716340.512891136","825.694037736078","726.26991845599","0.0935452317192156","0.0805631303841573","0.207591156456873","TRUE","overdispersed","51.0286049323652","negative binomial",8962.5,1458.6,9138.5,1274,10847,1355
"144","hordeolum","Y ~ as.factor(month) + sin_6 + cos_6 + sin_12 + cos_12 + sin_3 + cos_3","101063159.802305","9841.27704385654","8688.95210344396","0.36839373605649","0.330134387528493","0.199482632357538","TRUE","overdispersed","1353.62169926589","quasi-Poisson",23831.33,5915.5,22494.5,8051.75,35830,7783
"145","hypermetropia","Y ~ year + as.factor(month) + sin_3 + cos_3","47838966.8135355","6724.35812974134","5371.0212931066","0.0446410817599881","0.0355507669890136","0.748761535394368","TRUE","overdispersed","107.90700723211","quasi-Poisson",146351.98,23660.61,148827.5,15171,178782,15149
"146","hypertensive retinopathy","Y ~ year + as.factor(month)","28115681.5348726","5218.84434611837","4326.65587071566","0.0665739256264553","0.0541359174643946","0.542269146326879","TRUE","overdispersed","169.159709611877","negative binomial",85260.35,12021.91,87631,14138.25,105247,38996
"147","hypertrichosis","Y ~ year + sin_6 + cos_6 + sin_12 + cos_12 + sin_3 + cos_3","56.5813148545759","7.45325265581803","6.32742998304197","0.221309566570724","0.188381221211507","0.186142680504862","TRUE","underdispersed","0.81593087628625","Poisson",38.77,10.9,37,16.5,68,18
"148","hyphema","Y ~ year + as.factor(month) + sin_6 + cos_6","85038.5012189091","281.545209599557","234.196945499189","0.089984595914036","0.0735779738441893","0.214314350519192","TRUE","overdispersed","15.4517115702406","negative binomial",3246.72,338.13,3264.5,432,3784,1885
"149","hypopyon","Y ~ as.factor(month) + sin_6 + cos_6 + sin_12 + cos_12 + sin_3 + cos_3","4666.27147684474","66.1658873192104","58.0001765183786","0.142195037975018","0.125986579701586","0.118684336506984","TRUE","overdispersed","5.59284815773504","negative binomial",449.77,53.77,454,75.75,557,288
"150","intermittent heterotropia","Y ~ year + as.factor(month) + sin_6 + cos_6","306604.552565864","546.718090312297","457.135394822826","0.0820602039659193","0.067571833281405","0.287597395554092","TRUE","overdispersed","29.4930535225644","negative binomial",6866.5,1076.68,6988.5,893.75,8360,1193
"151","interstitial/deep keratitis","Y ~ year + as.factor(month)","4584.22058828288","67.6333917412594","54.3575402883973","0.0537894748308728","0.0430492289146358","0.297110370013891","FALSE","equidispersed","2.50660858117047","Poisson",1192.22,159.86,1227,155.75,1429,479
"152","IOL breakdown","Y ~ year + sin_6 + cos_6 + sin_12 + cos_12 + sin_3 + cos_3","2622.18588124952","48.2537550697973","31.76996858889","0.309242857888585","0.226433004051755","0.0412798051494387","TRUE","overdispersed","8.83462080498753","quasi-Poisson",109.92,36.6,105.5,19.25,284,22
"153","IOL displacement","Y ~ as.factor(month) + sin_6 + cos_6 + sin_12 + cos_12 + sin_3 + cos_3","37977.9901596689","190.385161722057","129.768105294959","0.0909697066494257","0.0641233845781289","0.362754739546748","TRUE","overdispersed","7.664476099772","negative binomial",1926.73,259.91,1936.5,208.25,2717,657
"154","IOL other mech compl","Y ~ year + as.factor(month) + sin_6 + cos_6 + sin_3 + cos_3","93597.7466454487","288.224740514082","240.455274477563","0.15145008824088","0.122845407306701","0.479679187135212","TRUE","overdispersed","17.8532796473866","negative binomial",2317.55,519.93,2422,695,3124,985
"155","iridodialysis","Y ~ year + as.factor(month)","1367.69881245502","36.6305804188748","29.1954561645873","0.0843729288996754","0.0672953211563234","0.201461843657777","FALSE","equidispersed","1.7766271478246","Poisson",418.95,52,424,38.25,537,157
"156","iris/CB adhesions/disruptions","Y ~ year + as.factor(month) + sin_3 + cos_3","16010.9406069395","122.4148216886","97.5625057871321","0.0518732117541585","0.0413472944284146","0.564466042575631","FALSE","equidispersed","2.80441773874749","Poisson",2328.97,304.69,2366.5,263,2770,744
"157","iris/CB degenerations","Y ~ year + as.factor(month)","79998.2191333198","279.345025762633","240.694313063696","0.064003447487692","0.0546010922077369","0.434846165909286","TRUE","overdispersed","8.72304837912815","negative binomial",4464.05,637.14,4604,521,5463,1063
"158","iris/CB/anterior chamber cysts","Y ~ year + sin_6 + cos_6 + sin_12 + cos_12 + sin_3 + cos_3","2376.90662415976","46.9309637524068","31.9723614525358","0.116443971566457","0.085504106164504","0.0623465246156212","FALSE","equidispersed","4.84465493034647","Poisson",351.15,57.19,354,41.75,554,86
"159","ischemic optic neuropathy","Y ~ year + as.factor(month)","185035.165714999","427.42900396089","338.26959989076","0.0520279149871361","0.0413120510266257","0.421996852416671","TRUE","overdispersed","13.9358330443824","negative binomial",8063.12,931.15,8190,1023.75,9522,3254
"160","keratitis - infectious","Y ~ year + as.factor(month) + sin_6 + cos_6","405822.396089371","625.069271911317","492.47947565707","0.063669860379392","0.0501536674467629","0.142832014017587","TRUE","overdispersed","26.694556212393","negative binomial",9719.98,966.07,9852.5,1008,11228,4693
"161","keratitis - other/unspec","Y ~ year + as.factor(month) + sin_6 + cos_6 + sin_3 + cos_3","46715.201265555","211.601819804122","179.249624369602","0.0528290552980837","0.0448111824980794","0.750962483773893","TRUE","overdispersed","3.66336690829234","negative binomial",3842.93,438.29,3882.5,365,4597,1592
"162","keratoconjunctivitis - dry eye syndrome","Y ~ year + as.factor(month)","80496477.122328","8849.23864718641","7515.28637473979","0.0936877025384693","0.0784395746396664","0.306881551215591","TRUE","overdispersed","272.797896005818","quasi-Poisson",97915.73,13943.47,99851.5,11343.75,120960,23129
"163","keratoconjunctivitis - infectious","Y ~ year + sin_6 + cos_6 + sin_12 + cos_12 + sin_3 + cos_3","15892.5087200919","125.50647094174","104.17274274965","0.11996886778412","0.102730592579267","0.311820751171581","TRUE","overdispersed","8.57818127373294","negative binomial",859.05,195.38,903.5,315,1264,356
"164","keratoconjunctivitis - noninfectious","Y ~ year + as.factor(month) + sin_3 + cos_3","61126.5212764978","244.703067318022","207.356584110939","0.0401194371001716","0.0336306535112636","0.628585994883142","TRUE","overdispersed","4.62493755652138","negative binomial",6344.55,769.7,6444.5,592.25,7796,2567
"165","keratoconjunctivitis - other/unspec","Y ~ year + sin_6 + cos_6 + sin_12 + cos_12 + sin_3 + cos_3","60008.2816309339","229.855896702771","166.421596559758","0.107712673434567","0.0815864267791135","0.164863766323116","FALSE","equidispersed","22.0400773909208","Poisson",1881.38,290.86,1916.5,286.5,2859,718
"166","keratoconus","Y ~ year + as.factor(month)","461809.932205882","661.672578833718","546.974002220877","0.0472448933641574","0.03881705812688","0.387326582081842","TRUE","overdispersed","23.2584126947648","negative binomial",14049.62,2008.6,14322,1366.75,16984,2862
"167","lacrimal gland atrophy","Y ~ year + sin_6 + cos_6 + sin_12 + cos_12 + sin_3 + cos_3","2406.53053129293","47.4670583341405","36.2552530823336","0.138920547662986","0.109422071169142","0.0368546755075017","TRUE","overdispersed","4.1799916243157","quasi-Poisson",306.32,62.02,305,51,443,50
"168","lacrimal gland dislocation","Y ~ year + sin_6 + cos_6 + sin_12 + cos_12 + sin_3 + cos_3","2745.07488476159","48.5426711517755","32.2411198048813","0.332356034408732","0.274237693032783","0.164605868653779","FALSE","equidispersed","16.1179512568886","Poisson",109.43,38.94,109,31.25,332,19
"169","lacrimal passage infl - acute/unspec","Y ~ as.factor(month) + sin_6 + cos_6 + sin_12 + cos_12 + sin_3 + cos_3","54553.4389314229","231.372554640734","190.687501859374","0.141611124089462","0.114251791044369","0.164064712639382","TRUE","overdispersed","13.7416522215313","negative binomial",1549.18,251.55,1566.5,320.5,2019,630
"170","lacrimal passage infl - chronic","Y ~ year + as.factor(month)","2891.70736957393","53.4055262051204","46.0331945066802","0.0826332562060061","0.070792733162912","0.373014749976598","FALSE","equidispersed","2.28808311596245","Poisson",628.53,88.68,641,87.5,791,208
"171","lacrimal passage stenosis/insufficiency","Y ~ year + as.factor(month)","521556.872103801","703.213440367404","583.685103825549","0.0849556753659375","0.06954870809424","0.283034200670399","TRUE","overdispersed","29.3602760709018","negative binomial",7918.68,1351.6,8252,1474.5,9610,1635
"172","lagophthalmos","Y ~ year + as.factor(month)","52103.7961478416","222.494054834671","174.743338177238","0.0718116576317747","0.0557028635347161","0.443935418341616","TRUE","overdispersed","7.18858295642597","quasi-Poisson",3134.82,419.26,3192.5,323,3655,862
"173","lattice degeneration of retina","Y ~ year + as.factor(month)","3785666.18013051","1929.99423405924","1485.93461124629","0.0481342359546168","0.0368263840653988","0.546673066905496","TRUE","overdispersed","50.5290813884701","negative binomial",41667.3,5972.82,42708.5,6260.25,50043,14522
"174","lens dislocation","Y ~ year + as.factor(month)","49068.5618042058","217.978429267139","188.073419310856","0.0561854952157183","0.0482061958824228","0.372679220599381","TRUE","overdispersed","8.97466239447477","negative binomial",4088.7,539.14,4117.5,668.5,4986,1797
"175","lens fragments post-cataract surg","Y ~ year + as.factor(month) + sin_6 + cos_6 + sin_3 + cos_3","83392.4333577457","279.935497890444","228.343829414843","0.0908881045610269","0.0730822922017202","0.326417345934813","TRUE","overdispersed","17.6725882113634","quasi-Poisson",3178.5,407.1,3283.5,414.25,3690,1392
"176","macular cyst, hole, or pseudohole","Y ~ year + as.factor(month) + sin_3 + cos_3","2314333.06313857","1504.09054961485","1274.65335476544","0.0453871333593174","0.0381631872900912","0.660006694051852","TRUE","overdispersed","24.7656269691945","negative binomial",33738.18,4225.9,34428.5,3808.75,40144,11917
"177","malignant neoplasm - choroid","Y ~ year + as.factor(month) + sin_6 + cos_6","18662.4602431626","132.179999053215","108.444696948782","0.0543124914125134","0.0443889986832947","0.524037073377158","TRUE","overdispersed","5.19138535514828","negative binomial",2566.7,300.42,2643.5,397.25,3045,1518
"178","malignant neoplasm - ciliary body","Y ~ year + sin_6 + cos_6 + sin_12 + cos_12 + sin_3 + cos_3","134.659994054463","11.3475900235911","9.30339365822068","0.150043224862681","0.123309220511189","0.212637052971692","FALSE","equidispersed","1.00384050739178","Poisson",75.85,11.43,76,15.25,97,44
"179","malignant neoplasm - conjunctiva","Y ~ year + as.factor(month)","718.396850603892","26.1790118200458","21.7339376650302","0.0783500483516155","0.0652251733412005","0.331761060631876","FALSE","equidispersed","1.39898122981047","Poisson",335.85,44.69,333,52.25,410,130
"180","malignant neoplasm - cornea","Y ~ year + as.factor(month)","117.40761335655","10.7435614925725","8.86708717085234","0.142726271948996","0.117800691930125","0.0255233472776329","TRUE","underdispersed","1.05428552916111","Poisson",70.02,11.83,71,13.25,97,25
"181","malignant neoplasm - eyelid","Y ~ year + as.factor(month) + sin_12 + cos_12 + sin_3 + cos_3","25121.3405315964","153.772962851707","124.963446330217","0.0579646705674174","0.0466218735952207","0.548739734604161","FALSE","equidispersed","3.30152578329959","Poisson",2558.3,360.51,2575.5,332.5,3145,856
"182","malignant neoplasm - lacrimal","Y ~ year + sin_6 + cos_6 + sin_12 + cos_12 + sin_3 + cos_3","13.6275401377327","3.65617485693236","2.97318270912786","0.285022238715292","0.202419194124155","0.0352720859736505","TRUE","underdispersed","0.698166295598466","Poisson",18.48,5.75,17.5,7.25,32,6
"183","malignant neoplasm - orbit","Y ~ as.factor(month) + sin_6 + cos_6 + sin_12 + cos_12 + sin_3 + cos_3","737.136712604596","26.5036077488337","21.248303669697","0.223790108657714","0.177090065312306","0.0887154467455111","FALSE","equidispersed","2.55257140620709","Poisson",117.87,19.1,116,25.25,161,56
"184","malignant neoplasm - other/unspec","Y ~ year + as.factor(month) + sin_12 + cos_12","1004.6100366019","30.1284602822525","27.1880643554339","0.204249332311341","0.183251371564609","0.479824890136966","TRUE","underdispersed","1.09227968073082","Poisson",155.9,27.04,161.5,26.5,207,69
"185","malignant neoplasm - retina","Y ~ year + as.factor(month) + sin_6 + cos_6 + sin_3 + cos_3","553.364576756801","22.9858271261574","18.3906493812611","0.0898884812057395","0.0727709650180882","0.460116282167735","TRUE","underdispersed","1.09738981075649","Poisson",230.18,37.75,227,42,344,127
"186","mechanical strabismus","Y ~ year + as.factor(month)","7798.27790918678","85.9529622129089","76.6500013857614","0.147993994458797","0.132950094776563","0.481362372473326","TRUE","overdispersed","3.29400765964318","quasi-Poisson",516.5,101.85,518.5,99,745,106
"187","melanoma in situ - eyelid","Y ~ year + sin_6 + cos_6 + sin_12 + cos_12 + sin_3 + cos_3","60.7207103630737","7.65200595634952","6.61458628030528","0.374105538294613","0.309780413127957","0.0483138028096072","TRUE","underdispersed","0.850925696891481","Poisson",21.25,5.4,20,9.25,31,11
"188","myopia","Y ~ year + as.factor(month) + sin_3 + cos_3","189057581.242638","13479.4365682491","11129.1914462527","0.0444513849052209","0.0359410662091636","0.725953555718209","TRUE","overdispersed","235.386838610759","quasi-Poisson",300070.55,47113.12,305113,34655,355189,37547
"189","night blindness","Y ~ year + sin_6 + cos_6 + sin_12 + cos_12 + sin_3 + cos_3","1268.53113396646","34.4261095732088","30.1554385588173","0.138722317000795","0.119364602686682","0.36667550680124","TRUE","overdispersed","3.31900860360778","negative binomial",297.48,97.34,275.5,143,503,73
"190","NPDR w/ DME","Y ~ year + as.factor(month) + sin_6 + cos_6","11488180.5686415","3323.26256020775","2674.59112236206","0.0459281584354764","0.0364667260777824","0.499700813114722","TRUE","overdispersed","110.315050852543","negative binomial",77107.42,8669.48,78820.5,11043.75,92357,45098
"191","NPDR w/o DME","Y ~ year + as.factor(month) + sin_6 + cos_6","16029362.9994118","3962.92160879206","3303.19608226248","0.043802681795523","0.0361987217775405","0.5720390986631","TRUE","overdispersed","133.180056271511","negative binomial",89881.9,11483.1,91763,10110.75,110185,29637
"192","nystagmus / other irregular eye mvmts","Y ~ year + as.factor(month) + sin_3 + cos_3","47839.6553332882","217.780067819549","178.303572334722","0.0518037094143862","0.0419703360550815","0.626733081643876","TRUE","overdispersed","6.42792549346483","quasi-Poisson",4186.7,620.5,4242,548,5191,895
"193","ocular cranial nerve injury","Y ~ year + as.factor(month)","111.28724335076","10.5190946539933","7.92091468649135","0.173595077777405","0.133254295237889","0.0778286999177439","FALSE","equidispersed","1.10749625095836","Poisson",57.03,9.86,56,12,81,30
"194","ocular hypotony","Y ~ year + as.factor(month) + sin_6 + cos_6 + sin_3 + cos_3","11954.6211953139","107.087342400809","88.7592410215067","0.0439226009885809","0.0362394463895511","0.609192249883193","FALSE","equidispersed","2.85632015263052","Poisson",2407.6,260.63,2449,288,2749,1098
"195","ocular laceration w/ prolapse","Y ~ year + as.factor(month)","3456.77665725783","58.1986000638598","46.8082076001757","0.0995312312259931","0.0787288789088544","0.0781046792370962","TRUE","overdispersed","3.35934195147992","quasi-Poisson",603.83,63.91,609,56.75,697,335
"196","ocular laceration w/o prolapse","Y ~ year + as.factor(month) + sin_3 + cos_3","7426.66931589471","85.121399175396","68.9353383136593","0.119824598129143","0.0974346683558779","0.190008109942845","TRUE","overdispersed","3.66045362217936","quasi-Poisson",653.77,95.79,639.5,140.75,867,379
"197","ocular pain","Y ~ year + as.factor(month)","2222550.50572956","1440.91159197972","1250.00489077537","0.0932117750799658","0.0791093506197956","0.196455283350904","TRUE","overdispersed","79.8289952418616","negative binomial",16155.77,1921.79,16145.5,2228.75,18953,7817
"198","oculomotor nerve palsy","Y ~ year + as.factor(month) + sin_6 + cos_6","24962.3689930755","152.674884500234","123.685562813845","0.106616508923901","0.0858039258604332","0.0792693579049889","TRUE","overdispersed","11.0348841753409","negative binomial",1490.5,168.73,1511.5,205.5,1775,783
"199","optic atrophy","Y ~ year + as.factor(month)","2877842.85610087","1662.65463685398","1322.23471980229","0.0591478124217408","0.0468766350558118","0.601292784638885","TRUE","overdispersed","38.1020697135394","negative binomial",26691.92,3924.43,26989,3522,31888,6635
"200","optic chiasm disorders","Y ~ year + sin_6 + cos_6 + sin_12 + cos_12 + sin_3 + cos_3","1288.37147220511","35.7124465751615","28.9401133171957","0.115515630272738","0.092831068170492","0.0288664441620234","FALSE","equidispersed","1.76132651428415","Poisson",318.88,45.65,319.5,49.25,401,121
"201","optic nerve/pathway injury","Y ~ year + sin_6 + cos_6 + sin_12 + cos_12 + sin_3 + cos_3","269.002662359224","16.3289159850168","13.1724575811519","0.111273014358435","0.088307248383891","0.0276728149716315","FALSE","equidispersed","1.29556703347846","Poisson",143.68,21.96,146,23,180,48
"202","optic neuritis","Y ~ year + as.factor(month) + sin_6 + cos_6","93534.437239837","300.09880772907","226.158477346167","0.0711313450933717","0.0543079301050008","0.163347985703633","TRUE","overdispersed","15.058994039781","negative binomial",4077.77,472.98,4159.5,406,4772,1642
"203","orbit deformity","Y ~ as.factor(month) + sin_6 + cos_6 + sin_12 + cos_12 + sin_3 + cos_3","670.461402013356","25.166279011398","21.7597640087023","0.148451884765193","0.125758082166664","0.255321850071857","FALSE","equidispersed","2.32315679861253","Poisson",159.5,34.05,161,52.25,217,50
"204","orbit inflammation - acute","Y ~ year + sin_6 + cos_6 + sin_12 + cos_12 + sin_3 + cos_3","7289.56538772343","81.8200855331742","63.8479183839333","0.0922116194237864","0.0730687032904036","0.113376060846775","TRUE","overdispersed","6.85399615791176","negative binomial",823.82,107.15,838,141.75,1070,411
"205","orbit inflammation - chronic","Y ~ year + as.factor(month) + sin_3 + cos_3","1296.71241651597","35.6614529485027","29.1871624673403","0.0765974673191074","0.0626249527644236","0.192381427879285","FALSE","equidispersed","1.91252014798314","Poisson",437.73,58.57,444,66,531,181
"206","orbit penetrating wound w/ FB","Y ~ year + sin_6 + cos_6 + sin_12 + cos_12 + sin_3 + cos_3","271.868081164043","16.1397199599158","13.3102279844653","0.11933694768211","0.0976221319486233","0.0794646617762909","FALSE","equidispersed","1.7303079210148","Poisson",131.52,17.89,130.5,19.25,179,77
"207","orbit penetrating wound w/o FB","Y ~ year + sin_6 + cos_6 + sin_12 + cos_12 + sin_3 + cos_3","134.584113554264","11.4655971685312","9.25815627162536","0.132141692589246","0.109590646027735","0.118458643436223","FALSE","equidispersed","0.963089640454362","Poisson",83.48,10.95,84.5,14,108,50
"208","orbit penetrating wound, unspec","Y ~ year + as.factor(month) + sin_3 + cos_3","65.0652017197113","7.96496629134815","6.0709493756151","0.198687420855616","0.156077000319135","0.249509250743682","TRUE","underdispersed","0.60577359426678","Poisson",33.58,8.02,32,10.25,53,17
"209","orbital floor fracture","Y ~ year + sin_6 + cos_6 + sin_12 + cos_12 + sin_3 + cos_3","17691.540314077","131.376445923262","104.086853771082","0.113569559117582","0.089793256021669","0.044120458184355","TRUE","overdispersed","10.9003067552578","negative binomial",1155.73,161.75,1166.5,198.25,1462,519
"210","other binocular eye mvmt dis","Y ~ year + as.factor(month) + sin_6 + cos_6","179581.233597962","414.219585523642","342.800419022558","0.100110377027351","0.0816315042020776","0.267549413640804","TRUE","overdispersed","20.9860359387046","negative binomial",4115.68,657.5,4187,583.75,4942,755
"211","other binocular vision disorders","Y ~ year + as.factor(month) + sin_3 + cos_3","8411.56625467605","89.4016868070624","72.4277373576746","0.122956891751675","0.101400944272897","0.362059202821915","TRUE","overdispersed","3.82231534278376","negative binomial",653.27,129.83,652,102,941,108
"212","other choroid disorders","Y ~ year + as.factor(month) + sin_3 + cos_3","8897.02826564151","93.5481622444573","76.1335543759581","0.0684322770308679","0.0558552056742629","0.565512620022895","TRUE","overdispersed","4.27959928149965","negative binomial",1545.17,287.55,1609.5,406,2088,766
"213","other conjunctival disorders","Y ~ year + as.factor(month) + sin_6 + cos_6","1356917.83557159","1131.17593242021","946.699356998438","0.0758811694986416","0.062858613579587","0.485379690106373","TRUE","overdispersed","35.3182975900551","negative binomial",14950.98,2118.41,15110.5,2275.75,18202,4476
"214","other corneal deformities","Y ~ year + as.factor(month) + sin_3 + cos_3","10328.9059699199","100.580406662037","86.6498111028163","0.0641166525294662","0.0553376252474031","0.357497768707213","TRUE","overdispersed","3.3285364402113","negative binomial",1594.58,244.16,1612.5,187.25,2037,329
"215","other corneal disorders","Y ~ year + as.factor(month)","568651.157386635","742.602149924375","593.60347275547","0.0721656572483504","0.0573791518672679","0.243180474109275","TRUE","overdispersed","32.2255275302831","negative binomial",10402.3,1239.54,10581.5,1054.75,12139,4205
"216","other diabetic ophthalmic compl","Y ~ year + as.factor(month)","452180.701839608","660.598199580492","575.849656386837","0.18238944196271","0.157172404148664","0.359340518991635","TRUE","overdispersed","41.5473187231921","quasi-Poisson",3187.05,868.72,2928,1213.5,5172,1104
"217","other endophthalmitis","Y ~ year + as.factor(month) + sin_6 + cos_6 + sin_12 + cos_12 + sin_3 + cos_3","97035.0175008765","299.959764131809","263.72757287695","0.0695676421544112","0.0607426671774082","0.430196990833194","TRUE","overdispersed","4.47881125621054","negative binomial",4343.55,396.7,4372.5,475.25,5055,2844
"218","other eye dis post-cataract surg","Y ~ year + sin_6 + cos_6 + sin_12 + cos_12 + sin_3 + cos_3","2692.38945072608","51.393629400469","40.5320066727342","0.269601185515335","0.221646634235631","0.054390995854982","FALSE","equidispersed","8.11759749199335","Poisson",162.67,47.14,150.5,51.5,346,35
"219","other eyelid degenerative disorders","Y ~ year + as.factor(month) + sin_12 + cos_12","8769.99210818954","91.3385362915496","77.8078472012838","0.122553836878166","0.105135781506221","0.358886062876837","TRUE","overdispersed","3.13071664981703","negative binomial",698.07,123.06,705,107.25,972,129
"220","other eyelid function disorders","Y ~ as.factor(month) + sin_6 + cos_6 + sin_12 + cos_12 + sin_3 + cos_3","6076.18841392735","77.1276800934298","60.1771564317147","0.102216273820196","0.0780304757600188","0.410322712860986","TRUE","overdispersed","4.20406707986697","negative binomial",800.07,139.91,809,112,1147,151
"221","other globe disorders","Y ~ year + as.factor(month) + sin_12 + cos_12 + sin_3 + cos_3","146.013974144472","11.7389210784853","10.2059601113578","0.173574457604026","0.148425495416562","0.387777822413082","TRUE","underdispersed","0.526175958825535","Poisson",62.82,15.45,63.5,22.5,90,19
"222","other hereditary corneal dystrophies","Y ~ year + as.factor(month)","1378098.67214281","1168.56013087402","956.634172675673","0.0478291813495739","0.0389436110402486","0.575324038841349","TRUE","overdispersed","38.0439888346546","negative binomial",24534.87,3611.82,24975,3161.5,30150,5168
"223","other iris/CB disorders","Y ~ year + as.factor(month) + sin_6 + cos_6 + sin_3 + cos_3","36198.0209323029","184.198433269392","141.409145530374","0.0610209023845589","0.0469582768045829","0.658513054170964","TRUE","overdispersed","4.38274106078154","quasi-Poisson",2919.97,436.2,2985.5,332,3566,578
"224","other iris/CB vascular disorders","Y ~ year + as.factor(month)","95495.7036516884","305.59057342668","255.439558863993","0.0646726367989544","0.0539826474305396","0.22844906366037","TRUE","overdispersed","7.93168704713135","negative binomial",4550.05,505.55,4682.5,518.75,5366,2905
"225","other lacrimal gland disorders","Y ~ as.factor(month) + sin_6 + cos_6 + sin_12 + cos_12 + sin_3 + cos_3","582.123483190055","23.757246053117","19.1568172525537","0.15351227383629","0.123198533001255","0.155782079245072","FALSE","equidispersed","1.70754929769075","Poisson",133.12,34.2,134,53.5,203,37
"226","other lacrimal passage changes","Y ~ year + sin_6 + cos_6 + sin_12 + cos_12 + sin_3 + cos_3","363.627663843925","18.804154252603","16.580403554961","0.394546442680757","0.349314375328179","0.0281249655819855","TRUE","overdispersed","3.18794427632239","negative binomial",46.75,15.42,44,17.25,86,17
"227","other non-diabetic proliferative retinopathy","Y ~ year + as.factor(month)","11700.3748419091","106.320138085443","81.5868272360812","0.062891700929974","0.0479339956524206","0.282585952371278","FALSE","equidispersed","3.04834008292354","Poisson",1733.23,170.98,1754,183,2021,972
"228","other optic disc disorders","Y ~ year + as.factor(month) + sin_6 + cos_6 + sin_12 + cos_12 + sin_3 + cos_3","634284.82846065","758.838885247258","619.214570870867","0.070671588308825","0.05674653417695","0.608241085410852","TRUE","overdispersed","15.4949426652736","negative binomial",10926.98,1735.27,11213.5,1626.25,13227,2457
"229","other optic nerve disorders","Y ~ year + as.factor(month) + sin_6 + cos_6","317345.022868102","547.74700434187","464.898655456193","0.100464419852142","0.0837258648609324","0.252954071376077","TRUE","overdispersed","28.8349917485064","negative binomial",5876.75,988.3,6079,967.25,7466,1480
"230","other orbital disorders","Y ~ year + as.factor(month)","4162.71706083376","64.4087555302809","50.3943239519968","0.0834133691400715","0.0648830561536554","0.137130395387615","TRUE","overdispersed","3.55135766437984","negative binomial",789.47,118.26,793.5,120.25,962,240
"231","other paralytic strabismus","Y ~ year + as.factor(month)","469.060410898275","21.4965240899685","18.1128112784231","0.156787905236796","0.1298862755586","0.0542226870244377","FALSE","equidispersed","1.40721764576435","Poisson",128.42,28.87,130,43,177,36
"232","other postop complications","Y ~ year + sin_6 + cos_6 + sin_12 + cos_12 + sin_3 + cos_3","2557.84625922341","48.4271884119502","35.5822258011523","0.121987055915393","0.093245227426917","0.0815563409276073","FALSE","equidispersed","4.75061471520123","Poisson",354.4,56.3,362,46,553,115
"233","other refraction/accommodation disorders","Y ~ year + as.factor(month) + sin_3 + cos_3","7039624.06678121","2623.00989567221","2210.04354856445","0.0615682643174829","0.0511611568705489","0.465320875740885","TRUE","overdispersed","101.92819955067","quasi-Poisson",39197.42,7647.65,40837,9301.25,50312,5273
"234","other retinal microvascular abnormalities","Y ~ year + as.factor(month) + sin_12 + cos_12 + sin_3 + cos_3","85120.2563107822","279.700158737341","237.999632536996","0.0701571042247578","0.0597221089956904","0.541979569008087","TRUE","overdispersed","5.54923615211877","negative binomial",4123.47,604.27,4294,824.5,5031,2363
"235","other scleral disorders","Y ~ year + as.factor(month)","12311.2991910636","110.729089843302","87.7155772523235","0.0695346077320014","0.0549020828683975","0.364900333635336","TRUE","overdispersed","4.09264074181105","negative binomial",1626.87,227.35,1654,246.25,1971,541
"236","other spec visual disturbances","Y ~ year + as.factor(month) + sin_6 + cos_6","13087922.9991493","3552.3845884888","3117.10378886104","0.103384547822577","0.0890293196346582","0.109152111927005","TRUE","overdispersed","236.785575760476","negative binomial",36393.63,5451.86,37472.5,5549.5,43290,11437
"237","other subj visual disturb","Y ~ year + as.factor(month)","4027525.68348953","1944.67304394343","1640.09932647069","0.0718416869915258","0.0602682725123072","0.185803370964811","TRUE","overdispersed","101.917044678471","negative binomial",26827.07,3380.43,27140,3364.75,31104,9604
"238","other superficial keratitis w/o conjunctivitis","Y ~ year + as.factor(month) + sin_3 + cos_3","2008864.09243584","1382.43656232395","1111.88406312774","0.137480008464462","0.110190402390623","0.27739304064481","TRUE","overdispersed","57.5151918179863","quasi-Poisson",9201.03,1738.51,9331.5,2646.75,12045,3063
"239","other visual pathway disorders","Y ~ year + sin_6 + cos_6 + sin_12 + cos_12 + sin_3 + cos_3","39296.4800264888","193.891008021861","167.330887678674","0.285032982476406","0.249910121632941","0.153306719165017","TRUE","overdispersed","21.1668617252317","quasi-Poisson",540.52,205.17,500,244.75,1036,105
"240","other vitreous opacities","Y ~ year + as.factor(month) + sin_6 + cos_6","114930865.249464","10550.7256275467","8836.70998943125","0.0751266064592678","0.0617493535766485","0.490391074265545","TRUE","overdispersed","442.172582435721","negative binomial",150240.13,22665.63,155335,24336,185657,48867
"241","other/unspec corneal transplant compl","Y ~ year + as.factor(month) + sin_6 + cos_6 + sin_12 + cos_12","3087.76201383759","54.5896947220586","42.3105829009337","0.129245436698304","0.103753918998347","0.204754945073463","TRUE","overdispersed","4.48656441068435","negative binomial",363.27,71.53,369.5,104.25,547,126
"242","other/unspec eye disorders","Y ~ year + sin_6 + cos_6 + sin_12 + cos_12 + sin_3 + cos_3","3376119.63122806","1735.13461099865","1598.88528098842","0.288135770439586","0.262866959710759","0.141685959441635","TRUE","overdispersed","135.455407030818","negative binomial",7408.72,2648.38,8650,4894.5,11479,2407
"243","other/unspec eye injuries","Y ~ year + as.factor(month)","13673.3571914998","113.393648942965","94.9153131727842","0.0609100349053467","0.0504164203712244","0.441207066217856","TRUE","overdispersed","4.18775843458136","negative binomial",1862.48,218.63,1893.5,207.5,2290,905
"244","other/unspec eyelid disorders","Y ~ as.factor(month) + sin_6 + cos_6 + sin_12 + cos_12 + sin_3 + cos_3","19729539.7876295","4429.38154898708","4067.83361583674","0.448042517046154","0.412923115378702","0.230044572895253","TRUE","overdispersed","696.580211402558","quasi-Poisson",9298.28,2245.24,8873.5,1807.75,14841,1782
"245","other/unspec heterotropia","Y ~ year + as.factor(month)","463687.534529364","669.80146750397","555.335626496489","0.062464759393338","0.0507771891635855","0.392763835818319","TRUE","overdispersed","27.6765459941049","negative binomial",10833.95,1592.11,11046.5,1310.5,12856,2031
"246","other/unspec lacrimal disorders","Y ~ year + sin_6 + cos_6 + sin_12 + cos_12 + sin_3 + cos_3","1172.11051487798","33.6056158609126","29.7928221509576","0.183718968457826","0.163314873418492","0.123549572712397","TRUE","overdispersed","4.66860126994951","negative binomial",154.47,47.06,151.5,76,253,28
"247","other/unspec lens disorder","Y ~ year + as.factor(month) + sin_6 + cos_6 + sin_12 + cos_12 + sin_3 + cos_3","161470.858903349","383.36978561461","319.446505248563","0.180912649068958","0.155112691652698","0.3429484308249","TRUE","overdispersed","17.0266376639267","quasi-Poisson",1803.28,407.65,1779,340.25,2993,312
"248","other/unspec peripheral retinal degeneration","Y ~ year + as.factor(month)","1615501.40070454","1259.67431314795","987.041282254648","0.0537276482262238","0.0423098928437586","0.563467668722603","TRUE","overdispersed","36.0290295590717","negative binomial",24916.82,4157.57,25595.5,5642.25,31942,9491
"249","other/unspec retinal disorders","Y ~ year + as.factor(month)","548302.413493944","735.439832785382","611.014386275911","0.0942517078691293","0.07772230858278","0.216319960087323","TRUE","overdispersed","31.9752132905327","negative binomial",7802.63,1129.39,7905,975.75,9466,2089
"250","other/unspec strabismus","Y ~ year + as.factor(month)","18555.0837613022","136.143406343222","112.782121792198","0.0677716761740095","0.0546189521241663","0.493064673080892","TRUE","overdispersed","6.14289479879461","negative binomial",1892,377.14,1942.5,461,2453,309
"251","other/unspec vitreous body disorders","Y ~ year + as.factor(month)","148571.657009826","377.961359350272","325.322638911255","0.150883851280466","0.129790901295964","0.231813937007487","TRUE","overdispersed","24.1513527170838","negative binomial",2135.27,544.8,2259,935.5,3177,810
"252","panophthalmitis","Y ~ year + sin_6 + cos_6 + sin_12 + cos_12 + sin_3 + cos_3","116.072264653447","10.5843396193466","8.62838822680549","0.0780426838080025","0.0638709591002792","0.402699115301408","TRUE","underdispersed","0.573732743523098","Poisson",127.15,17.47,128,23.25,162,80
"253","panuveitis","Y ~ year + as.factor(month) + sin_6 + cos_6","19221.4629700006","136.33990227139","107.341256050152","0.0409835378256046","0.0321012747783539","0.285619473279919","TRUE","overdispersed","4.35168464113312","negative binomial",3478.2,361.9,3504.5,439.5,4246,2137
"254","papilledema","Y ~ year + as.factor(month)","103781.550706352","317.628362238924","256.972774171493","0.0780462515052878","0.064090167553373","0.0933659222133133","TRUE","overdispersed","18.5751912683576","negative binomial",4237,581.93,4310.5,726.75,5371,1867
"255","PDR w/ DME","Y ~ year + as.factor(month) + sin_6 + cos_6","6659294.99890816","2549.40040996259","2095.30340100383","0.0442423587242842","0.0358089754200812","0.474677721971864","TRUE","overdispersed","81.9454127476574","negative binomial",62471.1,6730.68,63628,9691.75,73784,42491
"256","PDR w/o DME","Y ~ year + as.factor(month) + sin_6 + cos_6","3567599.00064048","1876.10260285608","1503.41329455173","0.0506388263153589","0.0404007201136016","0.456987563171486","TRUE","overdispersed","51.9226776200702","negative binomial",36641.1,3512.74,37231,3433.75,42585,18563
"257","PDR, stable","Y ~ year + as.factor(month) + sin_3 + cos_3","164632.023749278","402.982946174128","337.035014814763","0.075330881207747","0.0622404452936625","0.553120215740566","TRUE","overdispersed","12.6851924235658","quasi-Poisson",4964.28,846.62,5024.5,1105.5,6343,1651
"258","posterior synechiae (iris)","Y ~ year + as.factor(month) + sin_12 + cos_12","23918.4950492791","151.301815185266","124.866435936347","0.0411409490896131","0.0339935779250992","0.48521575147003","TRUE","overdispersed","4.48064474255151","negative binomial",3698.75,460.79,3725,569,4488,1736
"259","posterior uveitis","Y ~ year + as.factor(month)","167765.653180395","403.894560617346","320.887047404155","0.0435150435097715","0.034582745656169","0.546438254377917","TRUE","overdispersed","8.33658457966725","negative binomial",9788.08,1273.27,9828.5,1681.75,12247,5830
"260","PRAO","Y ~ year + as.factor(month)","22708.0140478409","150.034195543153","116.331530494504","0.0499810914176316","0.0389203597442968","0.480757688547164","TRUE","overdispersed","4.34449343682505","negative binomial",2805.33,373.68,2826,420.25,3445,1128
"261","presbyopia","Y ~ year + as.factor(month) + sin_6 + cos_6","532373915.632907","22237.279052791","18595.3542187325","0.0682894831676309","0.0562197325919511","0.468039437176269","TRUE","overdispersed","804.943806167805","negative binomial",330872.57,53755.7,341520,38462,404128,34556
"262","progressive external ophthalmoplegia","Y ~ year + sin_6 + cos_6 + sin_12 + cos_12 + sin_3 + cos_3","245.204678387002","15.5899156181385","13.0163010869323","0.165837000856153","0.140124251624389","0.0986620586167304","FALSE","equidispersed","1.34108025865719","Poisson",89.15,14.85,88.5,15.5,129,20
"263","prosthetic/implant/graft displacement","Y ~ as.factor(month) + sin_6 + cos_6 + sin_12 + cos_12 + sin_3 + cos_3","269.953743072446","16.0841718282077","13.0893367372169","0.288974441522056","0.238958163650646","0.085841195232231","FALSE","equidispersed","2.02653331284018","Poisson",58.63,14.02,58.5,16.5,92,21
"264","prosthetic/implant/graft other mech compl","Y ~ year + as.factor(month) + sin_12 + cos_12","7109.0580844686","82.6250246368857","72.32179662997","0.0395083490634238","0.0345424359742714","0.62911051008794","FALSE","equidispersed","2.28428052428023","Poisson",2276.28,437.07,2324.5,631.5,3132,1193
"265","pterygium","Y ~ year + as.factor(month)","3570773.62923101","1861.87895185716","1521.1533011908","0.0653800283322313","0.0526701719015176","0.44308380551585","TRUE","overdispersed","64.3488269631943","quasi-Poisson",28832.77,4217.29,29577,4056,35374,6687
"266","ptosis","Y ~ year + as.factor(month) + sin_6 + cos_6","8849976.60287314","2911.27493193021","2376.31258250344","0.063641465388407","0.0513529292856198","0.501729805104739","TRUE","overdispersed","98.3613649844982","negative binomial",45640.58,6814.01,47368.5,5860.5,55167,9913
"267","puckering of macula","Y ~ year + as.factor(month)","71510140.3695962","8337.51932517257","6766.5124205183","0.0372577545496506","0.0300890172226084","0.690350535680239","TRUE","overdispersed","219.954694292824","negative binomial",233039.22,32459.21,238377.5,35327.5,286009,82935
"268","pupillary function anomalies","Y ~ year + as.factor(month) + sin_6 + cos_6","254500.967931538","483.713691497728","419.229230093357","0.0759121419181584","0.0645131519382723","0.388319664067551","TRUE","overdispersed","22.8921235933297","negative binomial",6578.73,1061.94,6638.5,1066.25,8156,1343
"269","RD w/ breaks or defects","Y ~ year + as.factor(month) + sin_3 + cos_3","3320894.45772919","1807.01409070415","1505.5931648564","0.0404225680612462","0.0333759385983902","0.597930273792128","TRUE","overdispersed","29.7650796622788","quasi-Poisson",44754.87,4318.69,45547.5,4162,50571,22147
"270","RD, other","Y ~ year + as.factor(month)","52174.4265864747","225.673735241467","184.797212873678","0.0450928533287409","0.0369129238907113","0.593415490621926","TRUE","overdispersed","5.99923251130848","quasi-Poisson",4728.85,625.83,4775,456.5,5721,1582
"271","RD, serous","Y ~ year + as.factor(month) + sin_3 + cos_3","25259.8536055084","155.618143373309","127.19812458541","0.043660046723318","0.0355569499124554","0.57469538205886","FALSE","equidispersed","2.77559673945406","Poisson",3542.88,337.35,3550.5,392,4006,1903
"272","RD, traction","Y ~ year + as.factor(month) + sin_3 + cos_3","192587.83260961","432.688113568794","356.085899590241","0.0395337030357185","0.0323229519591816","0.640910960712194","TRUE","overdispersed","6.4858426405745","negative binomial",11134.12,981.68,11248,1082,12631,6564
"273","recession of chamber angle","Y ~ year + as.factor(month)","1237.3648576669","35.0650836889454","29.4266069947019","0.0626828523985039","0.0518374031348936","0.207060537322831","FALSE","equidispersed","1.50138146545582","Poisson",563.12,72.9,576.5,55.25,662,159
"274","retained foreign body - eyelid","Y ~ year + as.factor(month)","1975.92558564285","42.771054738444","33.8145447511693","0.112822719404683","0.0869144426623557","0.435755632001756","FALSE","equidispersed","3.27992036857683","Poisson",385.32,59.06,382,98.75,479,192
"275","retained foreign body - orbit due to PW","Y ~ as.factor(month) + sin_6 + cos_6 + sin_12 + cos_12 + sin_3 + cos_3","35.2686702281399","5.93235152672401","4.98373674766403","0.195220543937435","0.161146504924674","0.261769426302595","TRUE","underdispersed","0.661593746888944","Poisson",30.78,6.6,31,9,48,14
"276","retained IOFB, magnetic","Y ~ year + as.factor(month) + sin_6 + cos_6 + sin_3 + cos_3","353.767680245448","18.0927530330826","14.243002532168","0.223331647515266","0.186409317210914","0.0998643518495862","FALSE","equidispersed","2.58165148376159","Poisson",75.22,15.17,74,13.25,157,44
"277","retained IOFB, nonmagnetic","Y ~ year + as.factor(month) + sin_3 + cos_3","585.982299293433","24.0244977655061","19.6496638884844","0.0561763403763926","0.0459676930441288","0.43607667380567","TRUE","underdispersed","0.898353927003198","Poisson",412.92,54.1,417,59.75,553,212
"278","retinal breaks or defects w/o RD","Y ~ year + as.factor(month) + sin_6 + cos_6","11485509.5156992","3340.7723141875","2854.18665607207","0.0705179903625016","0.0593791432105966","0.421482195483689","TRUE","overdispersed","161.198936315556","negative binomial",51583.47,7464.2,53287.5,7596,62098,21367
"279","retinal edema","Y ~ as.factor(month) + sin_6 + cos_6 + sin_12 + cos_12 + sin_3 + cos_3","5522270.54839654","2311.00698116511","1818.0759840869","0.0633208812704944","0.0495215582033216","0.500875584957005","TRUE","overdispersed","64.9531183678819","negative binomial",34279.8,4256.02,34854.5,5018.25,40439,16821
"280","retinal hemorrhage","Y ~ year + as.factor(month) + sin_12 + cos_12 + sin_3 + cos_3","2825923.08068171","1637.35192423348","1379.56151055121","0.0514674451293645","0.0428638997120739","0.465715789582527","TRUE","overdispersed","29.0241050721965","negative binomial",30966.72,3628.54,31072,3321,36750,14487
"281","retinal ischemia","Y ~ year + as.factor(month)","187744.889177092","427.391052943927","342.219849066942","0.0506602412026395","0.0407946544237713","0.483078018761607","TRUE","overdispersed","11.0862195982922","negative binomial",8533,1035.32,8694,1508.75,10225,4894
"282","retinal microaneurysms","Y ~ year + as.factor(month) + sin_3 + cos_3","68736.9537031083","260.831771722211","216.716938937654","0.0764588634621465","0.0628599995374199","0.274120747744445","TRUE","overdispersed","8.61128138239653","negative binomial",3211.23,517.3,3215.5,628.5,4277,1198
"283","retinal neovascularization","Y ~ as.factor(month) + sin_6 + cos_6 + sin_12 + cos_12 + sin_3 + cos_3","1442831.77724403","1192.19660323912","1000.8653758502","0.069039189608763","0.0576935511957199","0.33440566067847","TRUE","overdispersed","30.0480787199661","negative binomial",17019.57,1383.2,17139.5,1628.25,19007,10826
"284","retinal telangiectasis","Y ~ year + as.factor(month) + sin_6 + cos_6 + sin_3 + cos_3","45783.2492911745","212.685707519857","173.953565719292","0.0546085330623384","0.044829124565487","0.629957448251565","TRUE","overdispersed","7.77428082920088","negative binomial",3996.3,555.04,4119,658.25,4966,1737
"285","retinal vascular changes","Y ~ year + as.factor(month)","239487.983478662","471.110940016802","401.930192886377","0.103519423734178","0.0877601086889983","0.550081320455419","TRUE","overdispersed","13.5879497707704","negative binomial",5112.58,1115.35,5394.5,1670,7109,1999
"286","retinal vasculitis","Y ~ year + as.factor(month) + sin_3 + cos_3","7568.20615421619","85.8318815773735","76.3586581111478","0.0605645545476588","0.0539091156102971","0.392968109165701","FALSE","equidispersed","2.20273399334276","Poisson",1487.28,184.82,1471,244.25,1870,873
"287","retinoschisis / retinal cysts","Y ~ year + as.factor(month) + sin_6 + cos_6","243716.48057488","489.756909205097","415.606319815667","0.0684453596284336","0.0572796524507485","0.42612829463246","TRUE","overdispersed","24.386066924928","negative binomial",7857.27,1261.67,8131,1469.5,9674,2798
"288","retrolental fibroplasia","Y ~ year + as.factor(month)","255.303437225954","15.8310733363504","13.4712211834766","0.0932560957206639","0.0794904067974038","0.474819571485471","TRUE","underdispersed","0.721143655759396","Poisson",145.65,40.6,141.5,56.5,231,20
"289","ROP, stage 0","Y ~ year + as.factor(month) + sin_3 + cos_3","2997.53503961059","54.4222325781741","45.3061246749072","0.0544904906392976","0.0449882280451699","0.485383364386","FALSE","equidispersed","1.33122694987665","Poisson",933.03,130.17,981,229.75,1166,626
"290","ROP, stage 1","Y ~ year + sin_6 + cos_6 + sin_12 + cos_12 + sin_3 + cos_3","621.532591987654","24.6194429811687","20.5142465048911","0.0963942616222857","0.0803541272527157","0.122257134384498","FALSE","equidispersed","1.57202737014106","Poisson",245.07,24.74,248,40,286,196
"291","ROP, stage 2","Y ~ year + as.factor(month) + sin_12 + cos_12 + sin_3 + cos_3","205.489020714612","14.2610886958628","11.3315443638482","0.0795226440226008","0.0645153473741526","0.443126878450435","TRUE","underdispersed","0.555939901483741","Poisson",166.87,16.82,163,19.25,203,137
"292","ROP, stage 3","Y ~ year + as.factor(month)","183.314112040939","13.472056808438","10.9156500405647","0.0816810710233244","0.0676477365807166","0.328433372998751","TRUE","underdispersed","0.786574168466993","Poisson",154.1,21.28,153,22.25,204,78
"293","ROP, stage 4","Y ~ year + as.factor(month) + sin_6 + cos_6","51.2258969187788","7.09794654670112","5.58876989690599","0.17515823596702","0.139581662852608","0.323429167883174","TRUE","underdispersed","0.67756540011168","Poisson",38.8,8.37,39,9.25,59,10
"294","ROP, stage 5","Y ~ year + sin_6 + cos_6 + sin_12 + cos_12 + sin_3 + cos_3","34.3634897528267","5.79364028958931","4.57303797231748","0.163969701768601","0.125277272621343","0.17452099126438","TRUE","underdispersed","0.78343193004087","Poisson",32.67,8.62,34,10.25,51,7
"295","ROP, stage unspec","Y ~ as.factor(month) + sin_6 + cos_6 + sin_12 + cos_12 + sin_3 + cos_3","16175.3565682075","124.761385720798","101.263311867238","0.107906949740307","0.0882336144466039","0.125639907183375","TRUE","overdispersed","5.15217325803076","negative binomial",1128.22,140.84,1139,102.75,1365,451
"296","RPE detachment, hemorrhagic","Y ~ year + as.factor(month)","17982.5507421256","132.747720829248","113.28462386624","0.104669028194829","0.0891922509873764","0.239560905042686","TRUE","overdispersed","4.66111471928775","negative binomial",1259.93,96.03,1248,114.75,1471,1002
"297","RPE detachment, serous","Y ~ year + as.factor(month)","354936.434470623","584.410016304247","446.110112186109","0.0456141132520697","0.0342489365637981","0.517179346038607","TRUE","overdispersed","15.0059500670569","negative binomial",13026.98,1270.27,13065,1439.75,15440,7665
"298","RVO, unspec","Y ~ year + as.factor(month) + sin_3 + cos_3","10911.477327984","101.136814105039","93.7742869254877","0.239602381787945","0.224511945084692","0.305712061336236","TRUE","overdispersed","5.78284799263256","quasi-Poisson",381.72,80,371.5,70,578,101
"299","scleritis","Y ~ year + as.factor(month)","17617.6371545639","131.767832140776","108.249535488002","0.043029793404851","0.0354986465541388","0.343774864985169","TRUE","overdispersed","3.59214939990129","negative binomial",3050.77,293.39,3084.5,277,3639,1591
"300","scleritis - infectious","Y ~ year + sin_6 + cos_6 + sin_12 + cos_12 + sin_3 + cos_3","50.0155936718062","6.91841113659838","5.98270713947751","0.300909550001517","0.248871283800479","0.0956628659447552","FALSE","equidispersed","1.36534146471904","Poisson",23.47,9.35,20.5,10.5,45,9
"301","secondary uveitis - infectious","Y ~ year + as.factor(month)","17465.4246977529","128.957565525478","95.4235854012209","0.0723038683440093","0.0551474251878806","0.0892325052539702","TRUE","overdispersed","6.85418967556041","negative binomial",1671.93,160.06,1675.5,177.75,2150,947
"302","secondary uveitis - noninfectious","Y ~ year + as.factor(month)","27175.1632725974","163.295269472472","134.604381296772","0.048177874454071","0.0396660162778109","0.362049495709235","TRUE","overdispersed","5.50899601238648","negative binomial",3308.47,335.86,3341,455.75,3801,1838
"303","sudden visual loss","Y ~ year + sin_6 + cos_6 + sin_12 + cos_12 + sin_3 + cos_3","17264.8317805454","127.161349131949","102.508824358755","0.153852666828848","0.122357657856008","0.285584634634871","TRUE","overdispersed","12.3301740410963","negative binomial",909.28,133.2,905.5,155.5,1200,533
"304","superficial punctate keratitis","Y ~ year + as.factor(month)","2988203.7250309","1705.62573828683","1409.51594746327","0.0657364692367126","0.05349927161733","0.244566296507085","TRUE","overdispersed","66.0935313716197","negative binomial",26551.32,3549.66,27076,3205.25,32007,7626
"305","sympathetic uveitis","Y ~ year + as.factor(month) + sin_6 + cos_6","368.001718469978","18.7939019690832","15.7566014841917","0.0865005968768128","0.0707509300264609","0.113736814876327","TRUE","underdispersed","1.05870063427637","Poisson",204.55,36.47,209.5,56,262,101
"306","syphilitic oculopathy","Y ~ year + sin_6 + cos_6 + sin_12 + cos_12 + sin_3 + cos_3","133.788084493625","11.2150056285732","9.278117076893","0.209050532612736","0.162664429479728","0.0122337900844591","FALSE","equidispersed","1.12485677219625","Poisson",72.5,18.26,72.5,26.5,108,31
"307","total ophthalmoplegia","Y ~ year + sin_6 + cos_6 + sin_12 + cos_12 + sin_3 + cos_3","19.3925280506917","4.38517288174469","3.4456482277181","0.251627117711743","0.198292667398205","0.0963871092099237","TRUE","underdispersed","0.799747532846358","Poisson",17.37,4.52,18,6.25,28,6
"308","toxic maculopathy","Y ~ year + sin_6 + cos_6 + sin_12 + cos_12 + sin_3 + cos_3","22296.107793787","149.00900192331","108.716151034124","0.184727281126375","0.141448864226433","0.031999975213249","TRUE","overdispersed","16.5724143059188","negative binomial",782.27,158.32,753,253,1077,221
"309","toxoplasma oculopathy","Y ~ year + as.factor(month)","4085.94354479543","63.7519091042271","50.4789436756142","0.0559871301646767","0.0441564240158572","0.37441061570148","FALSE","equidispersed","2.15283376824274","Poisson",1140.35,130.77,1161.5,152.75,1359,520
"310","trachoma","Y ~ year + as.factor(month) + sin_6 + cos_6","21.5027051078828","4.59559444477979","3.92713185103388","0.295421390553315","0.23373261315113","0.209175972250421","TRUE","underdispersed","0.668524429893318","Poisson",16.13,5.23,16,8,27,3
"311","transient visual loss","Y ~ year + as.factor(month)","37091.92916588","189.525097657172","158.61074603816","0.0808751003520868","0.0668145820590663","0.243777123441275","TRUE","overdispersed","8.96798341642596","negative binomial",2445.33,305.04,2465,288.25,2965,1001
"312","TRAO","Y ~ year + as.factor(month)","1285.56902558929","35.8455258819898","29.9811906889562","0.0868386239796785","0.0705558445395558","0.472434924095935","FALSE","equidispersed","1.41246817164303","Poisson",401.97,64.88,413,91,516,163
"313","trichiasis w/o entropion","Y ~ year + as.factor(month) + sin_6 + cos_6","1249066.85206809","1086.74359663496","893.807559305672","0.0593442288570546","0.0480745954555292","0.333744017709352","TRUE","overdispersed","43.4100190690494","negative binomial",18445.45,2334.99,18670,1878.25,21727,6190
"314","trochlear nerve palsy","Y ~ year + as.factor(month)","48868.7679065063","218.693513027937","171.731925064683","0.0824761894744024","0.064487658538549","0.197243332321894","TRUE","overdispersed","11.2579460564125","negative binomial",2716.95,372.41,2775.5,346.25,3287,852
"315","tuberculosis of eye","Y ~ year + as.factor(month) + sin_6 + cos_6","39.1982666989213","6.18404539249794","4.96810120329672","0.179607138911732","0.142250279072713","0.372169690261068","TRUE","underdispersed","0.511475965141234","Poisson",32.92,7.1,35,10,51,7
"316","unspec DR w/ DME","Y ~ year + as.factor(month)","137243.608109069","363.525562727584","303.048784173519","0.102150210434517","0.0864564538812142","0.679714790319823","TRUE","overdispersed","18.2736448967933","quasi-Poisson",2788.08,1167.85,2321.5,1964.5,5224,872
"317","unspec DR w/o DME","Y ~ year + as.factor(month) + sin_6 + cos_6","571079.105012761","731.695538773316","635.307752485597","0.108437845313858","0.0935462712906866","0.690181814766866","TRUE","overdispersed","28.231004040416","quasi-Poisson",5719.13,1843.51,5577.5,2835,9710,1180
"318","unspec macular degeneration","Y ~ year + as.factor(month)","1448096.410404","1177.08646066339","1011.30161170811","0.104017892794333","0.0889586030048328","0.540253951233766","TRUE","overdispersed","37.3681599821643","quasi-Poisson",9975.22,2238.9,10222,2961.25,13872,2248
"319","unspec retinal layer separation","Y ~ year + as.factor(month) + sin_12 + cos_12","69463.973999675","253.634719214072","191.090611728351","0.127373015541277","0.0933845458847374","0.15901725063571","TRUE","overdispersed","9.07437783337526","negative binomial",1822.07,463.57,1975,865,2524,971
"320","venous engorgement","Y ~ year + as.factor(month) + sin_6 + cos_6","4096.18532209518","63.1557499683254","47.9339895878044","0.0652909863296582","0.0486029251991121","0.373577189850343","FALSE","equidispersed","2.9861616634602","Poisson",885.87,157.33,907,281,1146,457
"321","visual cortex disorders","Y ~ year + as.factor(month)","516.329680990001","22.6761537542627","19.0841810781699","0.104459698860026","0.0880803444790755","0.194036942744099","FALSE","equidispersed","1.55859617985768","Poisson",205.42,35.45,206.5,36,268,50
"322","visual field defects","Y ~ year + as.factor(month)","820304.074188108","896.140801324663","731.674528959498","0.0470734965056275","0.0382946029508297","0.500288072318469","TRUE","overdispersed","29.5837522584912","negative binomial",18418.23,2570.87,18511,2292.5,22032,4850
"323","visual impairment","Y ~ as.factor(month) + sin_6 + cos_6 + sin_12 + cos_12 + sin_3 + cos_3","1260091.47617561","1069.87437727634","924.400252002668","0.411611773325356","0.35229570874626","0.0621463130244482","TRUE","overdispersed","244.627439195473","negative binomial",3112.55,653.63,3298,693.25,4016,1057
"324","visual loss","Y ~ year + as.factor(month) + sin_6 + cos_6 + sin_12 + cos_12","342549.183647532","557.21254689074","477.474323334183","0.114585485338012","0.0969096921880028","0.562967076614154","TRUE","overdispersed","17.6301227150019","negative binomial",4672.57,793.86,4657.5,1074.75,6248,2283
"325","vitreomacular adhesion","Y ~ year + as.factor(month)","1321035.49246227","1141.72120884747","960.730614649068","0.0466688958080098","0.0386638111917216","0.589037956088779","TRUE","overdispersed","35.8386169426693","negative binomial",27532.37,4909.19,28152,6814,36116,12230
"326","vitreous body crystalline deposits","Y ~ year + as.factor(month)","538607.137402085","726.977558490184","597.687220024168","0.064757197158321","0.0524048647942184","0.575720813987466","TRUE","overdispersed","25.4839020832885","negative binomial",11845.5,1675.02,12157,1974.5,14520,4255
"327","vitreous degeneration","Y ~ year + as.factor(month)","309869329.439127","17429.0148277324","14440.1808399088","0.039907534892052","0.0328437305283155","0.657060537511067","TRUE","overdispersed","483.839231211494","negative binomial",455466.5,62600.24,466335.5,70425.75,554496,172149
"328","vitreous hemorrhage","Y ~ year + as.factor(month) + sin_3 + cos_3","6354129.82577691","2488.52088994173","1995.36877061559","0.0455400172644","0.0362469791924405","0.422765650066685","TRUE","overdispersed","66.5350745612077","negative binomial",57402.93,5801,57477,8381.5,67107,37367
"329","vitreous membranes/strands","Y ~ year + as.factor(month) + sin_6 + cos_6 + sin_12 + cos_12 + sin_3 + cos_3","178412.290833785","401.188632079222","311.819597986425","0.0474714625483369","0.0374799104349531","0.714312743445103","TRUE","overdispersed","9.0090297140124","negative binomial",8745.85,1589.97,8897,2138,11764,3536
"330","vitreous prolapse","Y ~ year + sin_6 + cos_6 + sin_12 + cos_12 + sin_3 + cos_3","19279.1985377061","138.499178867906","115.405312323544","0.0925852728141318","0.0773466440142693","0.0272173705823487","TRUE","overdispersed","8.33927656183521","negative binomial",1450.4,191.91,1469.5,178.5,1738,506
"331","wet AMD, active CNV","Y ~ year + as.factor(month)","80783251.0430002","8734.27676255529","6741.23383902133","0.0464314423022069","0.0354229446133818","0.475295244152456","TRUE","overdispersed","222.721324090885","negative binomial",196436.38,16508.59,199891.5,23943.25,227128,152975
"332","wet AMD, inactive CNV","Y ~ year + as.factor(month) + sin_3 + cos_3","3145666.41416485","1746.86450093223","1416.45691071208","0.043993225736495","0.0351751240899129","0.687378372212919","TRUE","overdispersed","32.2978798102566","quasi-Poisson",37797.45,5168.88,38577,8159,45700,19566
"333","wet AMD, inactive scar","Y ~ year + as.factor(month) + sin_6 + cos_6","1221020.40397315","1088.72512519469","900.785155739007","0.0541348006180195","0.0445948007084728","0.417010228818873","TRUE","overdispersed","42.0196493880003","quasi-Poisson",18071.32,3039.41,18481.5,4889.75,22965,9736
"334","wet AMD, unspec stage","Y ~ year + as.factor(month) + sin_3 + cos_3","5116577.22870945","2154.05884512175","1969.96067076226","0.159746927876485","0.145072885745452","0.673188162268081","TRUE","overdispersed","83.8247665969308","negative binomial",11835.35,3474.2,10624.5,4469,20508,5616
"335","xanthelasma","Y ~ year + as.factor(month)","3303.65902311352","56.9095446906982","49.695192376371","0.0835449410686061","0.0732759175956839","0.308137147894917","TRUE","overdispersed","3.28721416039567","negative binomial",710.57,134.74,730.5,153.75,920,111
"336","zoster ocular disease","Y ~ year + sin_6 + cos_6 + sin_12 + cos_12 + sin_3 + cos_3","312272.121986606","554.607245333849","406.72746299826","0.120095698909775","0.0890535380973998","0.14528073870259","TRUE","overdispersed","42.0740192222184","negative binomial",4642.87,505.15,4693.5,585.25,6020,2677
