"","Jan 2020","Feb 2020","Mar 2020","Apr 2020","May 2020","Jun 2020","Jul 2020","Aug 2020","Sep 2020","Oct 2020","Nov 2020","Dec 2020","Jan 2021","Feb 2021","Mar 2021","Apr 2021","May 2021","Jun 2021","Jul 2021","Aug 2021","Sep 2021","Oct 2021","Nov 2021","Dec 2021"
"abducent nerve palsy",0.63543652173913,0.63543652173913,0.00012,0.00012,0.00048,0.63543652173913,0.81092,0.0942,0.272304,0.240891428571429,0.24507,0.53844705882353,0.378632727272727,0.240891428571429,0.63543652173913,0.63543652173913,0.380012307692308,0.424688,0.63543652173913,0.424688,0.247093333333333,0.127056,0.499245,0.380012307692308
"accommodation disorders",0.00728470588235294,0.94364,0.0000218181818181818,0.0000218181818181818,0.0000218181818181818,0.0179733333333333,0.00728470588235294,0.0000218181818181818,0.26682947368421,0.0000218181818181818,0.0000218181818181818,0.325032,0.0000218181818181818,0.537693913043478,0.498468571428571,0.0000218181818181818,0.00024,0.537693913043478,0.000256,0.0000218181818181818,0.000129230769230769,0.0000218181818181818,0.0000218181818181818,0.00008
"amblyopia, deprivation",0.81275,0.169666666666667,0.00008,0.00008,0.00008,0.286623157894737,0.485467826086956,0.00164571428571429,0.398354285714286,0.03096,0.0018,0.0589976470588235,0.0102327272727273,0.007992,0.309468,0.007992,0.00066,0.485467826086956,0.0384,0.01284,0.0384,0.00164571428571429,0.00164571428571429,0.03858
"amblyopia, refractive",0.67237,0.48207652173913,0.00004,0.00004,0.00004,0.0120126315789474,0.00837176470588235,0.00004,0.035448,0.000096,0.00004,0.00162857142857143,0.000096,0.000096,0.29064,0.00925333333333333,0.000152727272727273,0.220377142857143,0.002272,0.000096,0.004785,0.00004,0.0002,0.000203076923076923
"amblyopia, strabismic",0.16728,0.312324,0.00004,0.00004,0.00004,0.75211,0.00186,0.00048,0.274207058823529,0.00004,0.00205333333333333,0.495043636363636,0.00004,0.241504,0.303506666666667,0.00244363636363636,0.03846,0.170382857142857,0.002256,0.312324,0.75211,0.00004,0.271215,0.447885714285714
"amblyopia, suspect",0.12788,0.0459314285714286,0.00016,0.00012,0.00012,0.019524,0.004096,0.00036,0.00432,0.0012,0.0012,0.004096,0.003,0.0012,0.0662713043478261,0.0618981818181818,0.00509333333333333,0.0129094736842105,0.00156,0.000624,0.004096,0.00104,0.00423,0.00157090909090909
"amblyopia, unspec",0.839890909090909,0.88441,0.00008,0.00008,0.00008,0.40863,0.198683076923077,0.00618,0.509096470588235,0.04014,0.0156,0.394784,0.14832,0.174829090909091,0.69432,0.527613333333333,0.01928,0.880633043478261,0.542677894736842,0.394784,0.664872,0.0380571428571429,0.174829090909091,0.19004
"angoid streaks of macula",0.725628,0.95663,0.00008,0.00008,0.00008,0.708404210526316,0.95663,0.137825454545455,0.708404210526316,0.0209142857142857,0.12792,0.323434285714286,0.005136,0.95663,0.55848,0.313532307692308,0.00144,0.95663,0.08448,0.55848,0.708404210526316,0.00564,0.12792,0.313532307692308
"anisometropia/aniseikonia",0.892424347826087,0.9359,0.00008,0.00008,0.00008,0.198985263157895,0.167,0.0062,0.164004705882353,0.01794,0.0062,0.100352,0.0699692307692308,0.0979028571428571,0.892424347826087,0.278928,0.0276,0.804365714285714,0.133665,0.01794,0.0699692307692308,0.0062,0.0228,0.0527781818181818
"anterior synechiae (iris)",0.28752,0.52982,0.0000342857142857143,0.0000342857142857143,0.0000342857142857143,0.240811428571429,0.00135272727272727,0.0000342857142857143,0.00015,0.00494769230769231,0.0142023529411765,0.240811428571429,0.010575,0.001032,0.03336,0.00879428571428571,0.0015,0.284672727272727,0.008896,0.001032,0.0000342857142857143,0.0000342857142857143,0.0254533333333333,0.0000342857142857143
"anterior uveitis - acute, other/unspec",0.93102,0.93102,0.00874285714285714,0.00012,0.00012,0.086432,0.03368,0.012192,0.0258327272727273,0.00921,0.00874285714285714,0.104258823529412,0.0564738461538462,0.124026666666667,0.357992727272727,0.1014,0.00874285714285714,0.188796,0.190891428571429,0.181945263157895,0.086432,0.00874285714285714,0.012192,0.00874285714285714
"anterior uveitis - acute, primary",0.725844705882353,0.90824,0.00656,0.00024,0.00492,0.725844705882353,0.725844705882353,0.152976,0.521132307692308,0.2058,0.152976,0.32648,0.2058,0.725844705882353,0.798606315789474,0.90824,0.394058181818182,0.90824,0.90824,0.771546666666667,0.90824,0.371136,0.521132307692308,0.2058
"anterior uveitis - acute, recurrent",0.608705454545454,0.608705454545454,0.00252,0.00024,0.00456,0.608705454545454,0.2712,0.04134,0.262868571428571,0.093168,0.10352,0.498295384615385,0.2712,0.2712,0.76976,0.685408695652174,0.608705454545454,0.608705454545454,0.608705454545454,0.39222,0.608705454545454,0.2712,0.608705454545454,0.533091428571429
"anterior uveitis - chronic",0.9978,0.842530909090909,0.00008,0.00008,0.00008,0.9978,0.581776,0.051456,0.528085714285714,0.201706666666667,0.051456,0.18144,0.201706666666667,0.40178,0.630315,0.842530909090909,0.370887272727273,0.706376470588235,0.842530909090909,0.767373333333333,0.842530909090909,0.370887272727273,0.446713846153846,0.18144
"anterior uveitis - other",0.04132,0.034944,0.00016,0.00012,0.00012,0.0892285714285714,0.00618,0.01328,0.535488,0.234765,0.56704,0.535488,0.009408,0.0159085714285714,0.521933333333333,0.0199466666666667,0.0544430769230769,0.98192,0.04132,0.628014545454545,0.01983,0.98192,0.192544,0.44112
"aphakia",0.97601,0.886418823529412,0.00008,0.00008,0.00008,0.853545,0.954774545454545,0.04176,0.803022857142857,0.058272,0.1346,0.801452307692308,0.41502,0.598450909090909,0.65532,0.954774545454545,0.154731428571429,0.459573333333333,0.954774545454545,0.97601,0.853545,0.545016,0.954774545454545,0.954774545454545
"astigmatism",0.011025,0.474855652173913,0.0000342857142857143,0.0000342857142857143,0.0000342857142857143,0.0238610526315789,0.000501818181818182,0.00006,0.10592,0.0000342857142857143,0.000144,0.0234,0.0000342857142857143,0.0110964705882353,0.53437,0.00008,0.00156,0.441261818181818,0.0000342857142857143,0.00156923076923077,0.057816,0.0000342857142857143,0.00504,0.005424
"background retinopathy, unspec",0.000423529411764706,0.000426666666666667,0.00002,0.00002,0.00002,0.000896842105263158,0.00429818181818182,0.0016,0.16621,0.00002,0.00002,0.0000514285714285714,0.00002,0.00002,0.0000514285714285714,0.00002,0.00002,0.000315,0.00002,0.0016,0.0113321739130435,0.00002,0.000128,0.00002
"benign neoplasm - choroid",0.9744,0.525819130434783,0.000048,0.000048,0.000048,0.024552,0.100834285714286,0.00016,0.0145066666666667,0.00006,0.000048,0.001488,0.000261818181818182,0.0003,0.113858181818182,0.000387692307692308,0.00006,0.0199831578947368,0.00450352941176471,0.000908571428571429,0.00354,0.000048,0.00024,0.00006
"benign neoplasm - ciliary body",0.92876,0.92876,0.00006,0.00006,0.00006,0.080592,0.249868235294118,0.00006,0.253477894736842,0.00375,0.000192,0.253477894736842,0.17598,0.03366,0.92876,0.368088,0.011256,0.445234285714286,0.0719657142857143,0.00512,0.0440123076923077,0.00123428571428571,0.00123428571428571,0.0308509090909091
"benign neoplasm - conjunctiva",0.758134736842105,0.884476363636364,0.00008,0.00008,0.00008,0.11268,0.489063529411765,0.0102,0.471375,0.0870857142857143,0.060336,0.372656,0.358182857142857,0.29352,0.9717,0.760594285714286,0.09009,0.9717,0.760594285714286,0.1706,0.52376,0.0870857142857143,0.0971466666666667,0.137716363636364
"benign neoplasm - eyelid",0.91759,0.621798260869565,0.00008,0.00008,0.00008,0.00106285714285714,0.00193333333333333,0.00012,0.00032,0.00012,0.00012,0.00042,0.00032,0.000923076923076923,0.02104,0.006252,0.00042,0.0221127272727273,0.00490105263157895,0.00129,0.00129,0.000274285714285714,0.00176470588235294,0.00042
"benign neoplasm - orbit",0.125314285714286,0.794742857142857,0.00006,0.00006,0.00006,0.00819,0.00006,0.0008,0.849425454545454,0.017136,0.516693333333333,0.498254117647059,0.120867692307692,0.38415,0.96617,0.05488,0.38415,0.865471304347826,0.0426981818181818,0.744528,0.017136,0.561208421052632,0.00048,0.00819
"benign neoplasm - unspec",0.76963,0.639687272727273,0.00008,0.00008,0.00008,0.012072,0.207322105263158,0.00054,0.04876,0.00198857142857143,0.0024,0.207322105263158,0.012072,0.064928,0.658789565217391,0.0617142857142857,0.001296,0.237444,0.273394285714286,0.0617142857142857,0.08922,0.00164,0.03816,0.134145882352941
"blebitis",0.367184,0.359485714285714,0.01136,0.00024,0.01136,0.393465,0.446682352941177,0.359485714285714,0.57204,0.23056,0.895095652173913,0.895095652173913,0.98423,0.307226666666667,0.751296,0.359432727272727,0.1092,0.307226666666667,0.359485714285714,0.731292631578947,0.772388571428571,0.343416,0.172128,0.307226666666667
"blepharospasm",0.572493913043478,0.87992,0.00008,0.00008,0.00008,0.172236,0.0091,0.00258,0.0325714285714286,0.00096,0.00229714285714286,0.03924,0.00156,0.0091,0.42592,0.117501176470588,0.0231876923076923,0.510316363636364,0.172236,0.03924,0.157026666666667,0.00156,0.0091,0.00394666666666667
"BRAO",0.657372,0.734504347826087,0.00008,0.00008,0.00008,0.81409,0.336992,0.03476,0.438945882352941,0.03408,0.00612,0.336992,0.0398933333333333,0.0374057142857143,0.734504347826087,0.46181052631579,0.048168,0.734504347826087,0.41826,0.1771,0.44376,0.03972,0.235624615384615,0.1771
"BRVO",0.38452,0.210406956521739,0.000024,0.000024,0.000024,0.011664,0.004335,0.000024,0.004144,0.000024,0.000024,0.00694666666666667,0.000024,0.000024,0.0530727272727273,0.00543529411764706,0.000024,0.0211885714285714,0.00286285714285714,0.000369230769230769,0.00778105263157895,0.000024,0.0000872727272727273,0.0001
"burn, corneal/conjunctival sac",0.609672,0.0651771428571429,0.00012,0.00012,0.00064,0.103733333333333,0.07362,0.00408,0.11892,0.750342857142857,0.291266666666667,0.771777391304348,0.583326315789474,0.02648,0.01056,0.128178461538462,0.115309090909091,0.179901176470588,0.115309090909091,0.134288,0.142575,0.8311,0.134288,0.771777391304348
"carcinoma in situ - eye",0.529742608695652,0.255028571428571,0.00264,0.00024,0.0012,0.96983,0.0572047058823529,0.00362666666666667,0.00224,0.022528,0.0012,0.25032,0.288938181818182,0.01476,0.101305263157895,0.07876,0.002112,0.0042,0.055215,0.0042,0.0042,0.0012,0.0108,0.00264
"cataract, age-related",0.0116611764705882,0.90138,0.0000218181818181818,0.0000218181818181818,0.0000218181818181818,0.00200571428571429,0.0000218181818181818,0.0000218181818181818,0.033408,0.0000218181818181818,0.0000218181818181818,0.0146666666666667,0.0000218181818181818,0.000166153846153846,0.858687272727273,0.0000218181818181818,0.00004,0.90138,0.0000218181818181818,0.0323747368421053,0.352388571428571,0.0000218181818181818,0.010352,0.0116611764705882
"cataract, infantile/juvenile",0.584328,0.258068571428571,0.0064,0.00012,0.00012,0.89432,0.309374117647059,0.584328,0.371666666666667,0.773105454545454,0.89432,0.24168,0.726605714285714,0.263925,0.00144,0.04552,0.263925,0.0064,0.0205066666666667,0.030744,0.00016,0.04552,0.0111085714285714,0.01692
"cataract, secondary",0.57875,0.231469090909091,0.00008,0.00008,0.00008,0.118032,0.0918568421052631,0.00018,0.0164914285714286,0.00056,0.00056,0.0147138461538462,0.005112,0.00204,0.269749565217391,0.0568133333333333,0.00264,0.209097142857143,0.03114,0.01414,0.0329223529411765,0.00106285714285714,0.016528,0.0107563636363636
"cataract, traumatic",0.665061818181818,0.491533333333333,0.00008,0.00008,0.00008,0.05452,0.47088,0.467472,0.467472,0.559417142857143,0.467472,0.559417142857143,0.467472,0.0979885714285714,0.467472,0.15792,0.005472,0.526736842105263,0.789787826086957,0.467472,0.005472,0.47088,0.467472,0.86998
"central serous chorioretinopathy",0.6264,0.602192727272727,0.000048,0.000048,0.000048,0.04566,0.032304,0.000048,0.0268285714285714,0.000048,0.00008,0.0103569230769231,0.000102857142857143,0.00294545454545455,0.37272,0.0742666666666667,0.0004,0.6264,0.19776,0.0501882352941177,0.378091428571429,0.0004,0.00444,0.002472
"chalazion",0.00229714285714286,0.030828,0.000024,0.000024,0.000024,0.002448,0.000024,0.0000436363636363636,0.0763304347826087,0.000024,0.00406588235294118,0.08742,0.000024,0.00006,0.003945,0.000024,0.000024,0.0042,0.000024,0.000313846153846154,0.0658254545454545,0.000024,0.04184,0.00562105263157895
"chorioretinal scars",0.0575242105263158,0.97086,0.0000266666666666667,0.0000266666666666667,0.0000266666666666667,0.0315466666666667,0.00024,0.000048,0.066264,0.0000266666666666667,0.0000266666666666667,0.006885,0.0000266666666666667,0.004752,0.958205217391304,0.0000266666666666667,0.0000654545454545455,0.574265454545454,0.0000266666666666667,0.0142870588235294,0.118925714285714,0.0000266666666666667,0.00188307692307692,0.00413142857142857
"chorioretinal scars following detach surg",0.859036363636364,0.28248,0.00008,0.00008,0.00008,0.183264,0.85944,0.01602,0.718824,0.00140571428571429,0.004896,0.36128,0.00944727272727273,0.00204,0.820765714285714,0.0472984615384615,0.00140571428571429,0.89117,0.28248,0.07104,0.648783157894737,0.00024,0.000576,0.004896
"choroidal degenerations",0.98887,0.808633043478261,0.00008,0.00008,0.00008,0.0018,0.0359076923076923,0.006624,0.0534514285714286,0.00018,0.006624,0.02902,0.00048,0.00366857142857143,0.22984,0.075856,0.00667636363636364,0.808633043478261,0.158248421052632,0.0882211764705882,0.203532,0.006624,0.08013,0.126266666666667
"choroidal detachment",0.0232061538461538,0.13112,0.00032,0.00012,0.00012,0.0991623529411765,0.002,0.00188571428571429,0.378694736842105,0.0018,0.002,0.794457142857143,0.00188571428571429,0.0415028571428571,0.96445,0.0138,0.00436363636363636,0.87204,0.002856,0.0652,0.938013913043478,0.00188571428571429,0.078885,0.516432
"choroidal hemorrhage",0.793496470588235,0.544393846153846,0.00056,0.00012,0.00012,0.228373333333333,0.0936685714285714,0.00108,0.478625454545455,0.544393846153846,0.014304,0.605504,0.944775652173913,0.944775652173913,0.07908,0.944775652173913,0.793496470588235,0.944775652173913,0.427176,0.944775652173913,0.96971,0.571765714285714,0.944775652173913,0.228373333333333
"choroidal rupture",0.761725714285714,0.872222608695652,0.00008,0.00008,0.00008,0.0767142857142857,0.985,0.00432,0.0767142857142857,0.00696,0.0136114285714286,0.466370526315789,0.12624,0.478608,0.0374933333333333,0.0427418181818182,0.03606,0.83844,0.42856,0.14928,0.0427418181818182,0.00796,0.05818,0.254103529411765
"CME post-cataract surg",0.90768,0.54927652173913,0.00016,0.00012,0.00012,0.00437538461538462,0.00303272727272727,0.00024,0.004695,0.000445714285714286,0.00024,0.00437538461538462,0.004695,0.004695,0.141730909090909,0.0487657142857143,0.00087,0.0197936842105263,0.0144,0.00523764705882353,0.022644,0.000445714285714286,0.00109333333333333,0.001632
"color vision deficiencies",0.248733913043478,0.40742,0.00008,0.00008,0.00008,0.04108,0.00102857142857143,0.00125333333333333,0.189185454545455,0.00018,0.001464,0.0741852631578947,0.00125333333333333,0.00822,0.189185454545455,0.00524,0.00822,0.089388,0.00102857142857143,0.00822,0.04108,0.000192,0.00412363636363636,0.00640615384615385
"conjunctival degen/deposits",0.96368,0.96368,0.00006,0.00006,0.00006,0.00579692307692308,0.0119576470588235,0.00006,0.010275,0.00132,0.00138666666666667,0.0412926315789474,0.00906857142857143,0.0145333333333333,0.541592727272727,0.07854,0.00076,0.17864,0.00992,0.001608,0.0039,0.000096,0.0039,0.00109714285714286
"conjunctival hemorrhage",0.00395076923076923,0.0145835294117647,0.0000342857142857143,0.0000342857142857143,0.0000342857142857143,0.00042,0.0000342857142857143,0.0000342857142857143,0.11448,0.000174545454545455,0.04324,0.0505263157894737,0.0000342857142857143,0.000072,0.006045,0.0000342857142857143,0.0000533333333333333,0.056208,0.0000533333333333333,0.006045,0.77083,0.006045,0.77083,0.303370909090909
"conjunctival scars",0.262125,0.71247,0.004032,0.00024,0.00036,0.399928421052632,0.0382628571428571,0.05052,0.605227826086956,0.00288,0.16092,0.478745454545455,0.0146,0.295213333333333,0.262125,0.16092,0.262125,0.478745454545455,0.0580533333333333,0.273698823529412,0.476256,0.00144,0.262125,0.16092
"conjunctivitis - infectious",0.71025,0.71025,0.000112,0.0000342857142857143,0.0000342857142857143,0.00012,0.000342857142857143,0.00006,0.000324705882352941,0.00006,0.0000342857142857143,0.00006,0.0000342857142857143,0.0000342857142857143,0.0000923076923076923,0.00006,0.0000342857142857143,0.000342857142857143,0.000342857142857143,0.000342857142857143,0.00072,0.00006,0.000102857142857143,0.0000342857142857143
"conjunctivitis - noninfectious",0.369157894736842,0.645741818181818,0.00008,0.00008,0.00008,0.274701176470588,0.00516,0.00144,0.274701176470588,0.00012,0.01154,0.527394285714286,0.00136,0.0716123076923077,0.77522,0.00165333333333333,0.00528,0.709304347826087,0.00144,0.126291428571429,0.484908,0.000192,0.274701176470588,0.343693333333333
"conjunctivitis - other/unspec",0.99481,0.455269565217391,0.000048,0.000048,0.000048,0.000305454545454545,0.000133333333333333,0.000048,0.007308,0.00046,0.000048,0.000192,0.0000685714285714286,0.0000685714285714286,0.00252705882352941,0.007308,0.000133333333333333,0.0114285714285714,0.000775384615384616,0.000908571428571429,0.0285490909090909,0.001168,0.007308,0.00183
"conjunctivitis - other/unspec acute",0.0000685714285714286,0.00184941176470588,0.0000184615384615385,0.0000184615384615385,0.0000184615384615385,0.0000184615384615385,0.0000184615384615385,0.0000184615384615385,0.0023621052631579,0.0000184615384615385,0.002736,0.000465,0.0000184615384615385,0.0000184615384615385,0.0000184615384615385,0.0000184615384615385,0.0000184615384615385,0.00016,0.0000184615384615385,0.00291428571428571,0.436852173913043,0.00221333333333333,0.72573,0.0341127272727273
"conjunctivitis - other/unspec chronic",0.019104,0.0221371428571429,0.00008,0.00008,0.00008,0.013616,0.000266666666666667,0.000266666666666667,0.0826852173913043,0.000266666666666667,0.000849230769230769,0.0168282352941176,0.00024,0.000370909090909091,0.01696,0.000266666666666667,0.0005,0.0234,0.000336,0.00413142857142857,0.10529,0.000266666666666667,0.0175326315789474,0.01482
"corneal degen - arcus senilis",0.367658181818182,0.94122,0.00004,0.00004,0.00004,0.000293333333333333,0.003552,0.00004,0.0692968421052632,0.00004,0.00009,0.115051428571429,0.00150545454545455,0.00154,0.94122,0.0303066666666667,0.00004,0.075072,0.00179076923076923,0.00204,0.0190447058823529,0.0000685714285714286,0.000912,0.00696
"corneal degen - band keratopathy",0.824911304347826,0.297657142857143,0.00004,0.00004,0.00004,0.220836,0.000763636363636364,0.0000685714285714286,0.00837,0.00004,0.00004,0.00272571428571429,0.00009,0.006384,0.86676,0.0012,0.00208615384615385,0.383607272727273,0.00016,0.097338947368421,0.0409066666666667,0.00004,0.00998117647058824,0.000216
"corneal degen - nodular",0.305936842105263,0.573141818181818,0.000048,0.000048,0.000048,0.573141818181818,0.00266181818181818,0.00129,0.081165,0.000048,0.00226666666666667,0.20288,0.00008,0.0149538461538462,0.64729,0.002376,0.0149538461538462,0.630615652173913,0.000754285714285714,0.0921035294117647,0.306048,0.000048,0.0177257142857143,0.038288
"corneal degen - other/unspec",0.786048,0.99703,0.0048,0.00012,0.00012,0.363452307692308,0.10902,0.02868,0.25178,0.0839657142857143,0.131664,0.897394285714286,0.53817,0.578373333333333,0.131664,0.236945454545455,0.748117894736842,0.019728,0.955298181818182,0.95727652173913,0.44868,0.019728,0.578373333333333,0.53817
"corneal degen - peripheral",0.475095652173913,0.89831,0.00015,0.00004,0.00004,0.00715636363636364,0.00131428571428571,0.000324,0.000227368421052632,0.000173333333333333,0.00004,0.00008,0.00004,0.00004,0.000102857142857143,0.00004,0.000048,0.000144,0.0000923076923076923,0.000048,0.0000654545454545455,0.000048,0.000169411764705882,0.000048
"corneal edemas",0.008385,0.0882545454545454,0.000024,0.000024,0.000024,0.0139333333333333,0.000024,0.000024,0.00250285714285714,0.000024,0.000024,0.06928,0.000024,0.000109090909090909,0.479248695652174,0.0002,0.000203076923076923,0.63131,0.000024,0.0157768421052632,0.06,0.000024,0.003392,0.0102352941176471
"corneal membrane changes",0.00416,0.190136470588235,0.000048,0.000048,0.000048,0.00108,0.000048,0.000048,0.00396,0.0100145454545455,0.93972,0.0179630769230769,0.00396,0.0100145454545455,0.3416,0.01442,0.087328,0.405732,0.0255085714285714,0.371052631578947,0.904486956521739,0.13611,0.697516363636363,0.524765714285714
"corneal neovascularization",0.641417142857143,0.862372173913043,0.00006,0.00006,0.00006,0.0336282352941177,0.0233657142857143,0.00006,0.00973090909090909,0.00132,0.00130285714285714,0.0336282352941177,0.00973090909090909,0.0849726315789474,0.89613,0.698923636363636,0.00336,0.6351,0.0705466666666667,0.023696,0.0145107692307692,0.000768,0.0145107692307692,0.00124
"corneal pigmentations/deposits",0.676069565217391,0.95436,0.000048,0.000048,0.000048,0.293893333333333,0.000377142857142857,0.00036,0.093968,0.000048,0.00730909090909091,0.467832,0.000906666666666667,0.093968,0.392791578947368,0.003,0.01174,0.525589090909091,0.00054,0.095325,0.521245714285714,0.000048,0.093968,0.0991482352941176
"corneal scars/opacities - central",0.690594782608696,0.401901818181818,0.0000342857142857143,0.0000342857142857143,0.0000342857142857143,0.0487578947368421,0.01029,0.0000342857142857143,0.006688,0.0000342857142857143,0.0000342857142857143,0.0283866666666667,0.00022,0.000192,0.98024,0.157728,0.00022,0.300354285714286,0.00323076923076923,0.0118305882352941,0.00411428571428571,0.0000342857142857143,0.00009,0.000106666666666667
"corneal scars/opacities - minor/other",0.8823,0.83199652173913,0.00003,0.00003,0.00003,0.01557,0.00598285714285714,0.00003,0.0052,0.00003,0.00003,0.0358736842105263,0.001224,0.001224,0.804992727272727,0.086184,0.00003,0.599348571428571,0.0229129411764706,0.009344,0.0340666666666667,0.00003,0.00576,0.00139636363636364
"corneal transplant failure",0.00032,0.00096,0.000012,0.000012,0.000012,0.00128,0.000012,0.000012,0.000012,0.000012,0.000012,0.000012,0.000012,0.000012,0.00114782608695652,0.000012,0.000012,0.000012,0.000012,0.000012,0.000012,0.000012,0.000012,0.000012
"corneal transplant rejection",0.59793,0.01632,0.0000218181818181818,0.0000218181818181818,0.0000218181818181818,0.478361739130435,0.0101052631578947,0.0000218181818181818,0.00274666666666667,0.0000342857142857143,0.0000218181818181818,0.0000218181818181818,0.0000342857142857143,0.0000218181818181818,0.424701818181818,0.000525,0.0000218181818181818,0.0561942857142857,0.000128,0.000734117647058824,0.0000218181818181818,0.0000218181818181818,0.0000342857142857143,0.0000218181818181818
"corneal ulcer - perforated",0.199648,0.638681739130435,0.00144,0.00024,0.356463157894737,0.80464,0.51656,0.199648,0.199648,0.00744,0.199648,0.418776,0.33552,0.00762,0.637876363636363,0.33552,0.116138181818182,0.232245,0.00850666666666667,0.093384,0.00366,0.00636,0.00432,0.00036
"corneal ulcer - unperforated, iso epi defect",0.00474,0.023504,0.00006,0.00006,0.00006,0.00797538461538462,0.00006,0.00016,0.445752,0.00462545454545454,0.364092631578947,0.78255,0.00021,0.000453333333333333,0.0311576470588235,0.000096,0.000648,0.125266666666667,0.000171428571428571,0.02478,0.737541818181818,0.0183257142857143,0.542514285714286,0.78255
"corneal ulcer - unperforated, w/ str involv",0.21408,0.55438,0.0008,0.00012,0.00012,0.0424615384615385,0.0424615384615385,0.00414,0.01872,0.00716,0.00716,0.0483257142857143,0.01578,0.056416,0.384982857142857,0.420916363636364,0.0332945454545455,0.432292173913044,0.181609411764706,0.204909473684211,0.204909473684211,0.0113828571428571,0.10488,0.021696
"corrosion, cornea/conjunctival sac",0.98498,0.973476,0.39567,0.03744,0.39567,0.481904,0.39567,0.98498,0.98498,0.481904,0.56703,0.98498,0.57848,0.902374736842105,0.481904,0.57848,0.481904,0.04368,0.39567,0.39567,0.39567,0.481904,0.473946666666667,0.481904
"CRAO",0.885053333333333,0.95945,0.00024,0.00012,0.00012,0.95945,0.95945,0.130217142857143,0.75928,0.130217142857143,0.099,0.504572307692308,0.395256,0.399992727272727,0.553474285714286,0.95945,0.297706666666667,0.95945,0.885053333333333,0.885053333333333,0.95945,0.130217142857143,0.41458,0.14835
"CRVO",0.45787,0.361941818181818,0.00008,0.00008,0.00008,0.282582857142857,0.132592941176471,0.00114,0.102257142857143,0.00425142857142857,0.00425142857142857,0.16588,0.00605333333333333,0.00605333333333333,0.252984,0.17496,0.009456,0.45787,0.102432,0.0179127272727273,0.108375,0.00425142857142857,0.04334,0.0447692307692308
"cystoid macular degeneration",0.499293913043478,0.28458,0.00006,0.00006,0.00006,0.112489411764706,0.0340971428571429,0.000096,0.0340971428571429,0.00024,0.00006,0.07998,0.00114,0.00296,0.56648,0.160013333333333,0.00096,0.499293913043478,0.251772631578947,0.05792,0.499293913043478,0.003192,0.0145745454545455,0.03008
"dacryoadenitis - acute",0.409968,0.86829,0.0016,0.00024,0.00036,0.44247,0.19905,0.19905,0.19905,0.19905,0.19905,0.248426666666667,0.30384,0.707376,0.707376,0.841232727272727,0.30384,0.707376,0.30384,0.556305882352941,0.30384,0.30384,0.84423652173913,0.712834285714286
"dacryoadenitis - chronic",0.963224347826087,0.963224347826087,0.01608,0.00024,0.00024,0.43824,0.10224,0.0152,0.771928421052631,0.570590769230769,0.43824,0.97087,0.963224347826087,0.43824,0.669344,0.928224,0.771928421052631,0.771928421052631,0.43824,0.30128,0.395211428571429,0.632468571428571,0.57022,0.74322
"dermatochalasis",0.79656,0.411327272727273,0.000048,0.000048,0.000048,0.01224,0.00802285714285714,0.000048,0.000576,0.000205714285714286,0.0002,0.0218,0.00268,0.00268,0.472372173913043,0.03816,0.00024,0.252822857142857,0.03816,0.0148517647058824,0.009136,0.000048,0.00802285714285714,0.000576
"diplopia",0.89894,0.787778181818182,0.00008,0.00008,0.00008,0.404791578947368,0.251744,0.0036,0.130748571428571,0.00904,0.006336,0.130748571428571,0.0513333333333333,0.03945,0.694914285714286,0.404791578947368,0.067872,0.829513043478261,0.575604,0.324555,0.404791578947368,0.01608,0.130748571428571,0.130748571428571
"DME resolved after tx",0.67755,0.213414545454545,0.0000171428571428571,0.0000171428571428571,0.0000171428571428571,0.191988571428571,0.001224,0.0000171428571428571,0.000437647058823529,0.000745263157894737,0.00018,0.592486956521739,0.0000171428571428571,0.0000171428571428571,0.00056,0.0000171428571428571,0.0000171428571428571,0.0000171428571428571,0.0000171428571428571,0.0000171428571428571,0.000064,0.0000171428571428571,0.0000171428571428571,0.0000171428571428571
"drusen of macula",0.73203,0.434024347826087,0.000024,0.000024,0.000024,0.00128470588235294,0.0197257142857143,0.000024,0.00629052631578947,0.000024,0.000024,0.00064,0.000024,0.00004,0.0563454545454545,0.000129230769230769,0.000024,0.0197257142857143,0.001275,0.000154285714285714,0.00401333333333333,0.000024,0.000024,0.00004
"dry AMD, adv stage w/ subfov involv",0.732665454545454,0.728778947368421,0.00008,0.00008,0.00008,0.836827826086956,0.732665454545454,0.01396,0.114109090909091,0.0015,0.00216,0.1376,0.093048,0.03297,0.732665454545454,0.28752,0.0669333333333333,0.9861,0.605693333333333,0.207286153846154,0.462197647058824,0.0306857142857143,0.28752,0.28788
"dry AMD, adv stage w/o subfov involv",0.322416,0.627984,0.00006,0.00006,0.00006,0.9782,0.0474981818181818,0.00498,0.34545,0.00006,0.00024,0.322416,0.000342857142857143,0.101261538461538,0.49972,0.0259466666666667,0.06354,0.966772173913043,0.02916,0.682057142857143,0.809389090909091,0.000144,0.51450947368421,0.475482352941176
"dry AMD, early stage",0.82975,0.477172173913044,0.00006,0.00006,0.00006,0.175632,0.146993684210526,0.00016,0.0149142857142857,0.00006,0.000144,0.017392,0.004896,0.00114666666666667,0.395487272727273,0.01773,0.00069,0.261337142857143,0.0619466666666667,0.00842,0.0304094117647059,0.000205714285714286,0.0113723076923077,0.00711272727272727
"dry AMD, intermediate stage",0.9528,0.332629565217391,0.0000266666666666667,0.0000266666666666667,0.0000266666666666667,0.0983771428571428,0.059436,0.0000266666666666667,0.0100941176470588,0.0000266666666666667,0.0000266666666666667,0.002848,0.000048,0.0000266666666666667,0.21456,0.00125142857142857,0.0000266666666666667,0.0384505263157895,0.007095,0.000941538461538462,0.0366533333333333,0.0000266666666666667,0.000130909090909091,0.00046
"dry eye syndrome",0.81281,0.447348571428571,0.00008,0.00008,0.00008,0.10456,0.10456,0.0003,0.03668,0.00108,0.000672,0.045632,0.013728,0.01272,0.650379130434783,0.142896,0.01194,0.627872727272727,0.142896,0.0387771428571429,0.087735,0.00222857142857143,0.0387771428571429,0.0158181818181818
"ectropion",0.8576,0.23583652173913,0.00004,0.00004,0.00004,0.00736421052631579,0.00123692307692308,0.00004,0.00012,0.00004,0.00004,0.001575,0.000336,0.000186666666666667,0.0369028571428571,0.020244,0.00072,0.0870545454545454,0.00533333333333333,0.00176470588235294,0.001575,0.0000685714285714286,0.001575,0.000567272727272727
"enophthalmos",0.30033,0.59364,0.01936,0.00012,0.00012,0.35448,0.733268571428571,0.733268571428571,0.556014545454545,0.30033,0.30033,0.921173333333333,0.30033,0.921173333333333,0.556014545454545,0.92188,0.921173333333333,0.857136,0.92188,0.92188,0.92188,0.30033,0.92188,0.92188
"entropion",0.08216,0.75836,0.00006,0.00006,0.00006,0.164848,0.00716571428571428,0.0165866666666667,0.75836,0.00008,0.0181090909090909,0.42032,0.00006,0.125845714285714,0.0893907692307692,0.01308,0.415595294117647,0.415595294117647,0.017592,0.698978181818182,0.624022857142857,0.00008,0.624022857142857,0.624022857142857
"epiphora",0.059952,0.70146,0.000048,0.000048,0.000048,0.02964,0.000137142857142857,0.00012,0.00134,0.000048,0.00016,0.02964,0.00015,0.00208615384615385,0.117632727272727,0.00048,0.01224,0.439972173913043,0.000632727272727273,0.02277,0.0761028571428571,0.000048,0.0417978947368421,0.01976
"episcleritis",0.451722352941177,0.141428571428571,0.00008,0.00008,0.00008,0.061968,0.0962215384615385,0.0003,0.471031578947368,0.286368,0.0834327272727273,0.630196363636364,0.0356914285714286,0.003984,0.02708,0.061968,0.03741,0.507725714285714,0.471031578947368,0.0962215384615385,0.74075,0.37119,0.74075,0.507725714285714
"esotropia",0.681088695652174,0.91327,0.00008,0.00008,0.00008,0.364305882352941,0.24048,0.00138,0.24048,0.0510933333333333,0.0246,0.195643636363636,0.0507771428571429,0.2156,0.681088695652174,0.681088695652174,0.0510933333333333,0.591672,0.376813333333333,0.222904615384615,0.431355789473684,0.0246,0.228257142857143,0.110952
"exophthalmos",0.734838260869565,0.206116363636364,0.00008,0.00008,0.00008,0.058336,0.0119345454545455,0.00024,0.0119345454545455,0.003648,0.00424,0.0822352941176471,0.0119345454545455,0.00768,0.1288,0.148872,0.0497142857142857,0.76976,0.132378947368421,0.0326769230769231,0.03012,0.00675428571428571,0.203245714285714,0.0822352941176471
"exotropia",0.902086956521739,0.813076363636364,0.00008,0.00008,0.00008,0.0304285714285714,0.06018,0.00042,0.0304285714285714,0.00864,0.00352,0.126202105263158,0.017208,0.03012,0.98703,0.353556,0.01041,0.576171428571429,0.120466666666667,0.03012,0.0613270588235294,0.002496,0.040544,0.0141066666666667
"exudative retinopathy",0.00058,0.171108,0.00003,0.00003,0.00003,0.551019130434783,0.003645,0.00003,0.0457768421052632,0.00003,0.00003,0.0434666666666667,0.0000533333333333333,0.00491294117647059,0.7916,0.000288,0.00003,0.395234285714286,0.001936,0.001936,0.452138181818182,0.00003,0.00173538461538462,0.000501818181818182
"eyeball/orbital tissue contusion",0.22599652173913,0.25259,0.00008,0.00008,0.00008,0.01156,0.0335466666666667,0.00147428571428571,0.0279,0.00184,0.00072,0.019104,0.00174,0.002664,0.0591885714285714,0.0287294117647059,0.001104,0.117305454545455,0.046776,0.019104,0.0441094736842105,0.00147428571428571,0.019104,0.00894545454545454
"eyelid cysts",0.755629090909091,0.755629090909091,0.00008,0.00008,0.00008,0.120771428571429,0.190235294117647,0.011136,0.122288,0.0182057142857143,0.011136,0.10228,0.0182057142857143,0.114553846153846,0.87799,0.576312,0.0613333333333333,0.801485217391304,0.190235294117647,0.220266666666667,0.30792,0.02043,0.100734545454545,0.07248
"eyelid edema",0.680306086956522,0.509337142857143,0.0504,0.00048,0.01176,0.250893333333333,0.16224,0.168087272727273,0.186221538461538,0.16224,0.09066,0.16224,0.250893333333333,0.16224,0.87506,0.441524210526316,0.20016,0.509172,0.16822,0.518018181818182,0.250893333333333,0.20096,0.16224,0.104736
"eyelid retraction",0.914563636363636,0.297248,0.00008,0.00008,0.00008,0.334496842105263,0.201489230769231,0.01332,0.19278,0.106293333333333,0.192414545454545,0.297248,0.192414545454545,0.053808,0.0761828571428571,0.07899,0.075,0.98033,0.334496842105263,0.927433043478261,0.545964,0.333811764705882,0.914563636363636,0.333811764705882
"eyelid/periocular open wound",0.5346,0.543245217391304,0.06144,0.00024,0.16376,0.66725,0.434551578947368,0.336092307692308,0.336092307692308,0.336092307692308,0.336092307692308,0.336092307692308,0.336092307692308,0.458676,0.434551578947368,0.41248,0.336092307692308,0.484365714285714,0.434551578947368,0.41248,0.434551578947368,0.336092307692308,0.336092307692308,0.18738
"eyelid/periocular superficial injury",0.96309,0.24304,0.00008,0.00008,0.00008,0.000192,0.00028,0.00012,0.00856,0.00765,0.10698,0.162972,0.131573333333333,0.0272742857142857,0.10698,0.0229661538461538,0.00726857142857143,0.0229661538461538,0.0229661538461538,0.009456,0.131573333333333,0.134185263157895,0.424461818181818,0.96309
"FB, conjunctival sac",0.0837415384615385,0.532344,0.00728,0.00024,0.00792,0.83751,0.00896,0.00896,0.336454736842105,0.00728,0.204336,0.597897142857143,0.00728,0.0837415384615385,0.792850909090909,0.0837415384615385,0.336454736842105,0.82056,0.00728,0.036048,0.192,0.00728,0.336454736842105,0.231855
"FB, cornea",0.442192941176471,0.863258181818182,0.303672,0.00024,0.09632,0.442192941176471,0.303672,0.09632,0.863258181818182,0.02552,0.441051428571429,0.98849,0.15528,0.644197894736842,0.303672,0.381913846153846,0.381913846153846,0.442192941176471,0.09632,0.381913846153846,0.973617391304348,0.00612,0.44392,0.738912
"FB, external eye other/unspec",0.357933913043478,0.35963,0.00048,0.00024,0.00024,0.0906821052631579,0.0109542857142857,0.015648,0.268134545454545,0.00332571428571429,0.0109542857142857,0.0739058823529412,0.07892,0.00368,0.016365,0.182811428571429,0.00256,0.135384,0.0109542857142857,0.0109542857142857,0.0109542857142857,0.000624,0.000624,0.00368
"Fuch's endothelial dystrophy",0.73056,0.73411,0.000048,0.000048,0.000048,0.047508,0.0184658823529412,0.0000685714285714286,0.001392,0.000048,0.0000685714285714286,0.0326533333333333,0.00396923076923077,0.000666666666666667,0.166537142857143,0.012045,0.00054,0.388036363636364,0.0448926315789474,0.012045,0.00888,0.000048,0.0025,0.00159272727272727
"glaucoma, absolute",0.215852307692308,0.969130434782609,0.00008,0.00008,0.00008,0.0022,0.00072,0.0022,0.376875,0.0102514285714286,0.01383,0.589404,0.25928,0.589404,0.196101818181818,0.614262857142857,0.06336,0.589404,0.227142857142857,0.589404,0.811625454545454,0.196101818181818,1,0.215852307692308
"glaucoma, OAG",0.40004,0.0281485714285714,0.0000184615384615385,0.0000184615384615385,0.0000184615384615385,0.148614545454545,0.00197052631578947,0.0000184615384615385,0.0000184615384615385,0.0000184615384615385,0.0000184615384615385,0.000032,0.0000184615384615385,0.0000184615384615385,0.328925217391304,0.000423529411764706,0.0000184615384615385,0.011496,0.000666666666666667,0.000032,0.000165,0.0000184615384615385,0.0000184615384615385,0.0000184615384615385
"glaucoma, other/unspec",0.9372,0.164817391304348,0.0000266666666666667,0.0000266666666666667,0.0000266666666666667,0.0120457142857143,0.00111,0.0000266666666666667,0.000805714285714286,0.0000266666666666667,0.0000266666666666667,0.0006,0.0000266666666666667,0.0000266666666666667,0.00996,0.000805714285714286,0.0000266666666666667,0.00559578947368421,0.00406666666666667,0.00111,0.0383127272727273,0.000048,0.000152727272727273,0.00152470588235294
"glaucoma, PACG - acute",0.97337,0.307832727272727,0.00008,0.00008,0.00008,0.658206315789474,0.546624,0.00936,0.277337142857143,0.08356,0.751090909090909,0.590851764705882,0.307832727272727,0.059712,0.697788,0.43104,0.583095,0.619066666666667,0.97337,0.481834285714286,0.307832727272727,0.307832727272727,0.481834285714286,0.751090909090909
"glaucoma, PACG - chronic",0.359794285714286,0.50744347826087,0.00006,0.00006,0.00006,0.182816842105263,0.171146666666667,0.00006,0.0282685714285714,0.00123428571428571,0.000528,0.0179261538461538,0.00159,0.00224,0.94994,0.338664,0.002952,0.48396,0.105910588235294,0.05768,0.07923,0.00056,0.01686,0.00416727272727273
"glaucoma, PACG - other/unspec",0.1446,0.528564,0.00008,0.00008,0.00008,0.223425,0.416526315789474,0.00924,0.0647466666666667,0.00924,0.00924,0.0647466666666667,0.0215657142857143,0.164224,0.82503,0.719814545454545,0.120849230769231,0.772205217391304,0.590182857142857,0.12002,0.24192,0.100385454545455,0.370533333333333,0.08832
"glaucoma, PXG",0.93188,0.305325714285714,0.00004,0.00004,0.00004,0.362170434782609,0.317029090909091,0.00004,0.000984,0.00004,0.0000685714285714286,0.0043,0.0111942857142857,0.0006,0.229124210526316,0.0233223529411765,0.000906666666666667,0.25104,0.0845733333333333,0.01479,0.013968,0.00004,0.0043,0.00494769230769231
"glaucoma, secondary to drugs",0.0989127272727273,0.000048,0.0000266666666666667,0.0000266666666666667,0.0000266666666666667,0.001245,0.020952,0.0000266666666666667,0.169335652173913,0.0000923076923076923,0.0000266666666666667,0.0987885714285714,0.0000266666666666667,0.0000266666666666667,0.00300705882352941,0.0000266666666666667,0.0000266666666666667,0.0000923076923076923,0.000102857142857143,0.0000654545454545455,0.4355,0.000272,0.00635368421052632,0.00362666666666667
"glaucoma, secondary to eye infl",0.562446315789474,0.86199652173913,0.00008,0.00008,0.00008,0.93759,0.86199652173913,0.004032,0.22932,0.01344,0.00452571428571429,0.198224,0.004032,0.118375384615385,0.574812,0.246917647058824,0.00404,0.86199652173913,0.362333333333333,0.1177,0.128794285714286,0.0164266666666667,0.062664,0.0895418181818182
"glaucoma, secondary to eye trauma",0.838178181818182,0.198564,0.00006,0.00006,0.00006,0.395668571428571,0.87244,0.00072,0.0321428571428571,0.00165818181818182,0.0004,0.0282646153846154,0.000773333333333333,0.03558,0.87244,0.134512941176471,0.000582857142857143,0.198564,0.151893333333333,0.0158,0.03558,0.00006,0.000384,0.00165818181818182
"glaucoma, secondary to other eye dis",0.46535,0.04872,0.00003,0.00003,0.00003,0.0802581818181818,0.0113936842105263,0.00003,0.001125,0.000048,0.00003,0.0012,0.000137142857142857,0.0000872727272727273,0.10184347826087,0.026328,0.00003,0.00377333333333333,0.000368,0.000137142857142857,0.000137142857142857,0.00003,0.00003,0.000048
"glaucoma, suspect",0.008748,0.881770434782609,0.00002,0.00002,0.00002,0.00182117647058824,0.00002,0.00002,0.00805894736842105,0.00002,0.00002,0.00385333333333333,0.00002,0.000064,0.92841,0.00002,0.00002,0.298941818181818,0.00002,0.00105,0.0472457142857143,0.00002,0.0000369230769230769,0.000064
"globe degen conditions",0.89588,0.517090909090909,0.00006,0.00006,0.00006,0.285394285714286,0.219264,0.00229333333333333,0.0342342857142857,0.000171428571428571,0.00006,0.0905364705882353,0.0326953846153846,0.00892,0.823231304347826,0.0744,0.00016,0.171461052631579,0.120613333333333,0.00643636363636364,0.0905364705882353,0.000144,0.00018,0.00408
"hereditary choroidal dystrophies",0.906783157894737,0.906783157894737,0.0028,0.00024,0.0028,0.02712,1,1,0.889425882352941,0.10413,0.208373333333333,0.99552,0.049152,0.273528,0.424385454545455,0.554108571428571,0.999174545454545,0.10413,0.459526153846154,0.693045,0.667536,0.0596,0.459526153846154,0.978552
"hereditary retinal dystrophies",0.00561,0.560432727272727,0.00003,0.00003,0.00003,0.124117894736842,0.002256,0.000048,0.687725217391304,0.00003,0.00003,0.02756,0.00003,0.00132,0.91236,0.0000654545454545455,0.00003,0.404891428571429,0.000048,0.00900705882352941,0.31368,0.00003,0.0005,0.000886153846153846
"herpesviral ocular disease",0.95837,0.832854545454545,0.00006,0.00006,0.00006,0.08916,0.575691428571429,0.53014,0.37304,0.08916,0.00006,0.832854545454545,0.107691428571429,0.53014,0.832854545454545,0.95837,0.53014,0.656976,0.1749,0.832854545454545,0.575691428571429,0.832854545454545,0.832854545454545,0.832854545454545
"heterophoria",0.848487272727273,0.87734,0.00016,0.00012,0.00012,0.156704,0.31996,0.01644,0.322724210526316,0.125934545454545,0.04992,0.138553846153846,0.138553846153846,0.18837,0.872619130434783,0.420708,0.0946971428571428,0.848487272727273,0.250037647058824,0.11112,0.125934545454545,0.04992,0.156704,0.125934545454545
"hypermetropia",0.0100971428571429,0.81108,0.0000218181818181818,0.0000218181818181818,0.0000218181818181818,0.021285,0.0000218181818181818,0.0000218181818181818,0.580518260869565,0.0000218181818181818,0.0000218181818181818,0.0862610526315789,0.0000218181818181818,0.013472,0.425748571428571,0.0000218181818181818,0.00076,0.580518260869565,0.0000218181818181818,0.00114461538461538,0.308436,0.0000218181818181818,0.0330533333333333,0.0330533333333333
"hypertensive retinopathy",0.89834,0.443499130434783,0.00006,0.00006,0.00006,0.01048,0.03354,0.00016,0.0146147368421053,0.000096,0.000137142857142857,0.007744,0.00092,0.000501818181818182,0.128770909090909,0.01048,0.000137142857142857,0.0440342857142857,0.009195,0.00192,0.00454285714285714,0.00006,0.000192,0.00016
"hyphema",0.191507368421053,0.13216,0.00738,0.00024,0.00738,0.171981176470588,0.06956,0.00738,0.0611781818181818,0.0611781818181818,0.0611781818181818,0.275314285714286,0.0611781818181818,0.0611781818181818,0.206172,0.363109565217391,0.302716363636364,0.38673,0.117377142857143,0.0611781818181818,0.0773169230769231,0.0611781818181818,0.172413333333333,0.152385
"intermittent heterotropia",0.819043636363636,0.659088,0.00008,0.00008,0.00008,0.39378947368421,0.311830588235294,0.01668,0.287021538461538,0.10254,0.10254,0.26286,0.26286,0.187893333333333,0.93885,0.93885,0.39378947368421,0.700514285714286,0.311830588235294,0.10254,0.26286,0.10254,0.311830588235294,0.311830588235294
"interstitial/deep keratitis",0.0289129411764706,0.796102857142857,0.0000266666666666667,0.0000266666666666667,0.0000266666666666667,0.027735,0.000096,0.0000266666666666667,0.0000266666666666667,0.00614,0.000610909090909091,0.870229565217391,0.0138171428571429,0.0586266666666667,0.870229565217391,0.97481,0.0000266666666666667,0.489792,0.024096,0.00884307692307692,0.0000266666666666667,0.0000266666666666667,0.181086315789474,0.0000266666666666667
"IOL displacement",0.737737142857143,0.80196,0.00272,0.00024,0.00084,0.737737142857143,0.06984,0.036,0.92583,0.110328,0.53925,0.138610909090909,0.737737142857143,0.737737142857143,0.737737142857143,0.0624,0.419554285714286,0.456816,0.0618171428571429,0.17886,0.92583,0.294276923076923,0.01458,0.01752
"iridodialysis",0.832976842105263,0.83152,0.00008,0.00008,0.00008,0.83152,0.888646956521739,0.0702,1,0.060576,0.83152,0.83152,0.83152,0.385146666666667,0.26889,0.83152,0.888646956521739,0.493608,0.888646956521739,0.71136,0.538930909090909,0.180377142857143,0.03468,0.83658
"iris/CB adhesions/disruptions",0.001305,0.29313,0.0000171428571428571,0.0000171428571428571,0.0000171428571428571,0.04876,0.0000171428571428571,0.0000171428571428571,0.224868571428571,0.0000171428571428571,0.0000171428571428571,0.0183105882352941,0.0000171428571428571,0.0000171428571428571,0.0996631578947368,0.0000171428571428571,0.0000171428571428571,0.259963636363636,0.0000171428571428571,0.0000171428571428571,0.267328695652174,0.0000171428571428571,0.000096,0.197088
"iris/CB degenerations",0.42829,0.42829,0.00004,0.00004,0.00004,0.115755789473684,0.130944,0.00004,0.00134,0.00004,0.0000685714285714286,0.00603,0.000456,0.00152571428571429,0.401345454545455,0.0399388235294118,0.00027,0.314011428571429,0.0415866666666667,0.00136615384615385,0.005248,0.00004,0.000850909090909091,0.000453333333333333
"iris/CB/anterior chamber cysts",0.03608,0.344702608695652,0.00006,0.00006,0.00006,0.145645714285714,0.0235015384615385,0.001152,0.049884,0.02388,0.00006,0.00936,0.00008,0.00102,0.76235,0.03048,0.025712,0.291610909090909,0.00008,0.02772,0.049884,0.001152,0.000754285714285714,0.00250909090909091
"ischemic optic neuropathy",0.98478,0.538148571428571,0.00008,0.00008,0.00008,0.816553043478261,0.491216842105263,0.0015,0.036464,0.00028,0.00024,0.0356492307692308,0.00336,0.004392,0.783338181818182,0.09066,0.000548571428571429,0.441506666666667,0.52986,0.036464,0.128823529411765,0.00028,0.00783272727272727,0.00996
"keratitis - infectious",0.619963636363636,0.619963636363636,0.00016,0.00012,0.00012,0.69624,0.402682105263158,0.01806,0.06453,0.01896,0.05856,0.282075,0.0894981818181818,0.0894981818181818,0.223664,0.2976,0.195531428571429,0.69624,0.619963636363636,0.18728,0.0894981818181818,0.01896,0.2976,0.195531428571429
"keratitis - other/unspec",0.799647272727273,0.91298,0.00004,0.00004,0.00004,0.27888,0.0006,0.00004,0.08727,0.00004,0.000137142857142857,0.634731428571429,0.002208,0.00712,0.313308,0.0729257142857143,0.002208,0.239068235294118,0.00331636363636364,0.0844,0.859784347826087,0.00004,0.0512307692307692,0.30168
"keratoconjunctivitis - dry eye syndrome",0.67208,0.848628571428571,0.00008,0.00008,0.00008,0.630765,0.443261538461538,0.02514,0.38514,0.05456,0.05456,0.577577142857143,0.372933333333333,0.38514,0.67208,0.870589090909091,0.21084,0.754332631578947,0.88777,0.848628571428571,0.88777,0.115371428571429,0.630765,0.38514
"keratoconjunctivitis - infectious",0.246386086956522,0.59417,0.0828218181818182,0.00024,0.00054,0.00218666666666667,0.0009,0.00107076923076923,0.00107076923076923,0.00402,0.00107076923076923,0.0009,0.0009,0.00054,0.0168,0.001755,0.00116571428571429,0.001568,0.00107076923076923,0.00371368421052632,0.00218666666666667,0.00107076923076923,0.0009,0.00054
"keratoconjunctivitis - noninfectious",0.06598,0.364572,0.000048,0.000048,0.000048,0.752410909090909,0.00149333333333333,0.0000685714285714286,0.145968,0.000048,0.00460363636363636,0.923488695652174,0.0000685714285714286,0.270564705882353,0.138925714285714,0.002592,0.138925714285714,0.169395,0.00096,0.676525714285714,0.93543,0.000048,0.320286315789474,0.320286315789474
"keratoconjunctivitis - other/unspec",0.78818,0.044538947368421,0.000048,0.000048,0.000048,0.225497142857143,0.010256,0.00058,0.00226285714285714,0.122376,0.000102857142857143,0.0157835294117647,0.000192,0.000106666666666667,0.000102857142857143,0.01116,0.500574545454545,0.000048,0.00180923076923077,0.000048,0.000218181818181818,0.044538947368421,0.000106666666666667,0.654448695652174
"keratoconus",0.216698181818182,0.44853,0.00006,0.00006,0.00006,0.0116123076923077,0.0373066666666667,0.00006,0.0310729411764706,0.0006,0.00036,0.030915,0.000936,0.00364,0.3528,0.199108571428571,0.000666666666666667,0.148416,0.012768,0.012768,0.0414442105263158,0.000377142857142857,0.00224727272727273,0.000336
"lacrimal passage infl - chronic",0.93806,0.396208695652174,0.00004,0.00004,0.00004,0.01989,0.01989,0.00842181818181818,0.0118971428571429,0.00004,0.00004,0.0402133333333333,0.001488,0.00033,0.18832,0.18832,0.0000685714285714286,0.0296611764705882,0.0118971428571429,0.0601515789473684,0.00862,0.00004,0.286167272727273,0.001488
"lacrimal passage stenosis/insufficiency",0.50591,0.439189565217391,0.00006,0.00006,0.00006,0.001792,0.00192,0.00006,0.000683076923076923,0.000205714285714286,0.000096,0.00046,0.00016,0.00046,0.0162514285714286,0.008592,0.000264,0.02004,0.008592,0.00326117647058824,0.00369333333333333,0.000264,0.000994285714285714,0.000264
"lagophthalmos",0.683828571428571,0.696605217391304,0.00008,0.00008,0.00008,0.12428,0.319515789473684,0.00196,0.094152,0.00196,0.00665142857142857,0.281385,0.15708,0.134732307692308,0.696605217391304,0.376296,0.03648,0.79903,0.305626666666667,0.17656,0.298630588235294,0.00048,0.112843636363636,0.0369333333333333
"lattice degeneration of retina",0.86163,0.86163,0.000048,0.000048,0.000048,0.024045,0.274734545454545,0.0002,0.138214736842105,0.000336,0.000048,0.00356307692307692,0.000266666666666667,0.000370909090909091,0.232171428571429,0.00589714285714286,0.000048,0.181536,0.112221176470588,0.007168,0.112746666666667,0.00024,0.00076,0.000266666666666667
"lens dislocation",0.60136,0.410994782608696,0.00008,0.00008,0.00008,0.0876933333333333,0.0482228571428571,0.00096,0.074484705882353,0.00136,0.00225,0.0136615384615385,0.00389333333333333,0.0107345454545455,0.259017142857143,0.118155789473684,0.00192,0.399054545454545,0.056192,0.061575,0.146736,0.00096,0.01186,0.006912
"lens fragments post-cataract surg",0.14728,0.583996363636364,0.01197,0.00024,0.00048,0.103868571428571,0.01197,0.01197,0.30591,0.01197,0.0409745454545454,0.351461052631579,0.0048,0.031296,0.484452,0.09168,0.351461052631579,0.89691,0.01197,0.04932,0.825433043478261,0.0154933333333333,0.351461052631579,0.583996363636364
"macular cyst, hole, or pseudohole",0.116656,0.585992727272727,0.00004,0.00004,0.00004,0.82968,0.0219692307692308,0.000693333333333333,0.764170434782609,0.00004,0.00015,0.277506666666667,0.00004,0.0136,0.2412,0.000102857142857143,0.001368,0.4299,0.00248727272727273,0.33672,0.575062857142857,0.00004,0.113228571428571,0.207765
"malignant neoplasm - choroid",0.290064,0.395389090909091,0.00008,0.00008,0.00008,0.70759,0.174282352941176,0.004,0.186506666666667,0.004,0.004,0.286534736842105,0.0110836363636364,0.00904,0.391622857142857,0.071472,0.00785142857142857,0.408031304347826,0.02256,0.0110836363636364,0.115995,0.00825,0.0323076923076923,0.0529371428571429
"malignant neoplasm - conjunctiva",0.03774,0.541971428571429,0.0302057142857143,0.00012,0.00012,0.96726,0.010128,0.00612,0.0435733333333333,0.018,0.113352,0.543906666666667,0.930198260869565,0.27848,0.543906666666667,0.543906666666667,0.00296,0.760332631578947,0.157309090909091,0.779424,0.928941818181818,0.324221538461538,0.838377142857143,0.543906666666667
"malignant neoplasm - eyelid",0.000015,0.00216,0.000015,0.000015,0.000015,0.0000282352941176471,0.000015,0.000015,0.000708,0.000015,0.000015,0.000133333333333333,0.000015,0.000015,0.000015,0.000015,0.000015,0.000708,0.000015,0.11120347826087,0.54313,0.000015,0.00279272727272727,0.000015
"malignant neoplasm - retina",0.09651,0.34704,0.873228,0.00072,0.0324,0.5556,0.03012,0.345193846153846,0.425264,0.0665485714285714,0.95823,0.285665454545455,0.0282,0.771688421052631,0.0324,0.940622608695652,0.897752727272727,0.32094,0.03012,0.882354285714286,0.771688421052631,0.266568,0.266568,0.443085
"myopia",0.000377142857142857,0.388994285714286,0.0000266666666666667,0.0000266666666666667,0.0000266666666666667,0.00585333333333333,0.0000436363636363636,0.0000266666666666667,0.528501818181818,0.0000266666666666667,0.0000436363636363636,0.0369221052631579,0.0000266666666666667,0.00408,0.783975652173913,0.0000266666666666667,0.00012,0.90703,0.0000266666666666667,0.000203076923076923,0.381372,0.0000266666666666667,0.00376,0.00520941176470588
"NPDR w/ DME",0.36161,0.119968695652174,0.00006,0.00006,0.00006,0.00472421052631579,0.000938181818181818,0.00006,0.00153230769230769,0.00027,0.00024,0.00429333333333333,0.000504,0.00027,0.018828,0.0258285714285714,0.0013,0.0452945454545455,0.00265411764705882,0.000373333333333333,0.002415,0.00027,0.002224,0.0018
"NPDR w/o DME",0.95586,0.34304347826087,0.000048,0.000048,0.000048,0.0591,0.0590021052631579,0.000048,0.00974,0.00008,0.000048,0.01587,0.00460363636363636,0.00057,0.1434,0.0218266666666667,0.00064,0.138388571428571,0.0218266666666667,0.002592,0.015744,0.00048,0.01236,0.0107261538461538
"nystagmus / other irregular eye mvmts",0.0353557894736842,0.92182,0.00004,0.00004,0.00004,0.135874285714286,0.00012,0.00006,0.00504,0.00004,0.000106666666666667,0.075504,0.00004,0.010305,0.351425454545455,0.000218181818181818,0.00326,0.79824,0.00006,0.00389538461538462,0.03292,0.00004,0.010288,0.0178164705882353
"ocular hypotony",0.00003,0.133748571428571,0.00003,0.00003,0.00003,0.09216,0.00003,0.00003,0.00315692307692308,0.00003,0.0000654545454545455,0.09216,0.00003,0.00688,0.153796363636364,0.00353142857142857,0.00174,0.87167,0.0000654545454545455,0.0239011764705882,0.423537391304348,0.0000533333333333333,0.04896,0.00741
"ocular laceration w/ prolapse",0.975568695652174,0.964592727272727,0.00368,0.00024,0.003,0.475472,0.517945263157895,0.14232,0.517945263157895,0.33372,0.33372,0.33372,0.33372,0.33372,0.517945263157895,0.517945263157895,0.178628571428571,1,0.33372,0.57906,0.609234285714286,0.0837,0.33372,0.178628571428571
"ocular laceration w/o prolapse",0.607764,0.607764,0.607764,0.00144,0.18724,0.422,0.443224615384615,0.98587,0.443224615384615,0.607764,0.607764,0.209074285714286,0.486497142857143,0.654045714285714,0.04884,0.607764,0.933026086956522,0.09096,0.443224615384615,0.443224615384615,0.09096,0.757963636363636,0.18724,0.40218
"ocular pain",0.38237,0.277645714285714,0.00024,0.00012,0.00012,0.112432,0.1125,0.00948,0.0924857142857143,0.02112,0.02112,0.191906666666667,0.0504654545454545,0.04608,0.364591304347826,0.195216,0.04608,0.364591304347826,0.118828235294118,0.0660738461538462,0.195216,0.02112,0.06432,0.0504654545454545
"oculomotor nerve palsy",0.9787,0.835490526315789,0.01584,0.00048,0.26216,0.742112,0.834546666666667,0.31764,0.742112,0.52737,0.905196,0.758230588235294,0.742112,0.381291428571429,0.742112,0.9787,0.9787,0.742112,0.742112,0.381291428571429,0.742112,0.381291428571429,0.9787,0.758230588235294
"optic atrophy",0.83245,0.407607272727273,0.000048,0.000048,0.000048,0.0645978947368421,0.0524266666666667,0.000048,0.011952,0.0000685714285714286,0.000288,0.07734,0.00236,0.000414545454545455,0.550612173913043,0.00709714285714286,0.0000685714285714286,0.0813142857142857,0.0317929411764706,0.00251076923076923,0.01719,0.000048,0.000266666666666667,0.00012
"optic chiasm disorders",0.011712,0.98099,0.00012,0.00012,0.00024,0.98099,0.13404,0.481152,0.322494545454545,0.458537142857143,0.0233485714285714,0.98099,0.98099,0.571065,0.06544,0.98099,0.98099,0.0051,0.06544,0.458537142857143,0.0166,0.34022,0.641858823529412,0.98099
"optic nerve/pathway injury",0.16706,0.505549090909091,0.04648,0.00024,0.00488,0.218385,0.501132,0.0510171428571429,0.2148,0.59679652173913,0.482614736842105,0.199403076923077,0.9741,0.482614736842105,0.160734545454545,0.505549090909091,0.220630588235294,0.218385,0.114456,0.05985,0.0706133333333333,0.02952,0.00488,0.02952
"optic neuritis",0.92976,0.99589,0.00008,0.00008,0.00008,0.989596363636364,0.99589,0.16782,0.543469090909091,0.197184,0.318891428571429,0.645156923076923,0.92976,0.500346666666667,0.989596363636364,0.92976,0.54834,0.500346666666667,0.92976,0.785955,0.734382857142857,0.318891428571429,0.74368,0.543469090909091
"orbit inflammation - acute",0.795161739130435,0.4712,0.0868061538461539,0.00024,0.01152,0.17612,0.228588,0.11112,0.11112,0.119054117647059,0.0753333333333333,0.05008,0.0868061538461539,0.0663428571428571,0.94396,0.660883636363636,0.0753333333333333,0.0868061538461539,0.05008,0.207056842105263,0.0868061538461539,0.0459,0.09792,0.01672
"orbit inflammation - chronic",0.738581052631579,0.597783529411765,0.00008,0.00008,0.000192,0.50931,0.0117257142857143,0.458588571428571,0.898173913043478,0.00008,0.0129866666666667,0.0183272727272727,0.013872,0.303710769230769,0.898173913043478,0.0092,0.91494,0.898173913043478,0.0129866666666667,0.824832,0.738581052631579,0.000192,0.473392,0.303710769230769
"orbit penetrating wound w/ FB",0.648857142857143,0.94134,0.28998,0.00048,0.1998,0.48315,0.741264,0.937642105263158,0.648857142857143,0.648857142857143,0.648857142857143,0.94134,0.94134,0.94134,0.937642105263158,0.94134,0.424251428571429,0.648857142857143,0.937642105263158,0.424251428571429,0.800445,0.424251428571429,0.493973333333333,0.28998
"orbital floor fracture",0.30414,0.210824347826087,0.01392,0.00024,0.00564,0.0851115789473684,0.02619,0.0220145454545455,0.01392,0.0220145454545455,0.013152,0.0251657142857143,0.0220145454545455,0.0223753846153846,0.186850909090909,0.03176,0.0303105882352941,0.111794285714286,0.02536,0.08664,0.0223753846153846,0.0108,0.01392,0.013152
"other binocular eye mvmt dis",0.31455652173913,0.284662857142857,0.00016,0.00012,0.00012,0.105514285714286,0.105514285714286,0.00282,0.110112,0.03456,0.0309,0.105469090909091,0.0309,0.0309,0.31455652173913,0.141031578947368,0.141031578947368,0.52929,0.141031578947368,0.0309,0.105514285714286,0.03456,0.124905,0.145584
"other binocular vision disorders",0.295236,0.425574545454545,0.000432,0.00012,0.00012,1,0.01701,0.00534545454545454,0.352537142857143,0.00042,0.00024,0.00357333333333333,0.00534545454545454,0.0794526315789474,0.0794526315789474,0.00348,0.00563076923076923,0.991857391304348,0.00778285714285714,0.00072,0.0193411764705882,0.00348,0.008176,0.00563076923076923
"other choroid disorders",0.270228,0.97827,0.00024,0.00008,0.00008,0.595241739130435,0.00213,0.0106472727272727,0.0866117647058824,0.00008,0.00228,0.058496,0.00072,0.068265,0.557443636363636,0.00218666666666667,0.0283569230769231,0.21312,0.00213,0.125733333333333,0.351508571428571,0.00084,0.0189,0.0502971428571429
"other conjunctival disorders",0.31764,0.216657391304348,0.000048,0.000048,0.000048,0.00680842105263158,0.003,0.000048,0.00072,0.000102857142857143,0.000048,0.00543529411764706,0.000773333333333333,0.00102545454545455,0.0516342857142857,0.0228,0.0014,0.0780218181818182,0.00622666666666667,0.00169846153846154,0.00202285714285714,0.000102857142857143,0.00224,0.00102545454545455
"other corneal deformities",0.925234285714286,0.716613333333333,0.00008,0.00008,0.00008,0.89154947368421,0.02232,0.21988,0.925234285714286,0.04128,0.933970909090909,0.0896,0.07128,0.95695,0.129192,0.95695,0.290948571428571,0.02232,0.32547,0.505708235294118,0.02232,0.164050909090909,0.290948571428571,0.318656
"other corneal disorders",0.600187826086956,0.86144,0.00008,0.00008,0.00008,0.04047,0.04,0.0024,0.0351942857142857,0.00936,0.00754285714285714,0.0595073684210526,0.012696,0.0437364705882353,0.600187826086956,0.455337142857143,0.0236509090909091,0.27816,0.0347076923076923,0.0303,0.0595073684210526,0.00192,0.012696,0.002016
"other endophthalmitis",0.002848,0.000109090909090909,0.0000266666666666667,0.0000266666666666667,0.0000266666666666667,0.00196,0.0000266666666666667,0.0000266666666666667,0.583648695652174,0.436171428571429,0.61086,0.436171428571429,0.000048,0.0000266666666666667,0.00276,0.0000266666666666667,0.0000266666666666667,0.03,0.0000266666666666667,0.0144282352941176,0.004575,0.471218181818182,0.00227076923076923,0.03
"other eyelid degenerative disorders",0.98829,0.013905,0.00006,0.00006,0.00006,0.00498,0.0209364705882353,0.00985846153846154,0.637366956521739,0.124822857142857,0.0106285714285714,0.088428,0.013905,0.00483428571428571,0.0072,0.00483428571428571,0.00006,0.00824727272727273,0.088428,0.0389466666666667,0.346450909090909,0.00985846153846154,0.00483428571428571,0.00629333333333333
"other eyelid function disorders",0.881462857142857,0.57442,0.00132,0.00024,0.00072,0.918333913043478,0.881462857142857,0.918333913043478,0.03896,0.881462857142857,0.881462857142857,0.881462857142857,0.14792,0.881462857142857,0.07896,0.881462857142857,0.206664,0.0404571428571429,0.93719,0.03896,0.00132,0.881462857142857,0.546130909090909,0.881462857142857
"other hereditary corneal dystrophies",0.51304,0.643346086956522,0.00008,0.00008,0.00008,0.0732282352941177,0.0732282352941177,0.000137142857142857,0.0155261538461538,0.00012,0.00012,0.05448,0.00811636363636364,0.00972,0.95605,0.0732282352941177,0.00048,0.590705454545454,0.106042105263158,0.106042105263158,0.116304,0.00012,0.004824,0.00173333333333333
"other iris/CB disorders",0.00036,0.406518260869565,0.00003,0.00003,0.00003,0.00072,0.00003,0.000106666666666667,0.0682666666666667,0.00003,0.000218181818181818,0.0682305882352941,0.00003,0.00183428571428571,0.71081,0.000216,0.005072,0.246338181818182,0.00003,0.00912,0.246338181818182,0.00003,0.230244,0.0742484210526316
"other iris/CB vascular disorders",0.79441,0.465015652173913,0.0000266666666666667,0.0000266666666666667,0.0000266666666666667,0.320672727272727,0.128605714285714,0.000192,0.0199623529411765,0.000609230769230769,0.000370909090909091,0.01086,0.00048,0.001152,0.0296084210526316,0.0296084210526316,0.000617142857142857,0.038928,0.0000266666666666667,0.0000266666666666667,0.0000266666666666667,0.0000266666666666667,0.0000266666666666667,0.0000266666666666667
"other non-diabetic proliferative retinopathy",0.0036,0.00304,0.000024,0.000024,0.000024,0.0287368421052632,0.00306,0.000024,0.00886666666666667,0.0000654545454545455,0.000024,0.050088,0.000024,0.000024,0.62386,0.00102857142857143,0.000024,0.0827791304347826,0.0827791304347826,0.00024,0.0639771428571429,0.000024,0.000024,0.00014
"other optic disc disorders",0.00468,0.01608,0.00004,0.00004,0.00004,0.00276923076923077,0.000168,0.00004,0.093168,0.00012,0.0781768421052632,0.425488695652174,0.000168,0.00054,0.00294857142857143,0.00004,0.0000685714285714286,0.0288666666666667,0.00004,0.004656,0.16668,0.000414545454545455,0.51192,0.153691428571429
"other optic nerve disorders",0.16324,0.152501052631579,0.00008,0.00008,0.00008,0.090096,0.16324,0.0248,0.16324,0.06924,0.0399709090909091,0.152501052631579,0.04076,0.0375466666666667,0.157308,0.16324,0.0447323076923077,0.148009411764706,0.0399709090909091,0.015,0.03291,0.022272,0.148009411764706,0.0289028571428571
"other orbital disorders",0.72574,0.240511304347826,0.00008,0.00008,0.00008,0.0167815384615385,0.00304,0.00174,0.0576757894736842,0.0068,0.00669,0.211025454545455,0.00696,0.0576757894736842,0.196452,0.206742857142857,0.001824,0.0576757894736842,0.00834,0.042495,0.0233828571428571,0.00582857142857143,0.024304,0.00706909090909091
"other postop complications",0.40242,0.224421818181818,0.00016,0.00012,0.00012,0.269588571428571,0.00771428571428571,0.00036,0.01179,0.8094,0.22832,0.420826666666667,0.00771428571428571,0.001008,0.489636,0.158568,0.269588571428571,0.9837,0.302272,0.8094,0.455482105263158,0.420826666666667,0.919074782608696,0.0158933333333333
"other refraction/accommodation disorders",0.010008,0.0561415384615385,0.00008,0.00008,0.00008,0.19335,0.00519,0.001104,0.631429565217391,0.00018,0.00712,0.79896,0.00150857142857143,0.0818228571428571,0.42,0.0527,0.153712,0.406573333333333,0.0175854545454545,0.311350588235294,0.631429565217391,0.00124,0.42,0.439988571428571
"other retinal microvascular abnormalities",0.0244363636363636,0.011076,0.0000184615384615385,0.0000184615384615385,0.0000184615384615385,0.00128470588235294,0.0000184615384615385,0.0000184615384615385,0.25626,0.0000184615384615385,0.0000184615384615385,0.0144114285714286,0.0000184615384615385,0.0000184615384615385,0.00156,0.0000184615384615385,0.0000184615384615385,0.000352,0.0000184615384615385,0.00012,0.171568695652174,0.0000184615384615385,0.0006,0.0102821052631579
"other scleral disorders",0.689236363636364,0.80209,0.00008,0.00008,0.00008,0.319644,0.559577142857143,0.00860571428571429,0.0607569230769231,0.0906857142857143,0.00384,0.115891764705882,0.0380290909090909,0.09981,0.731968695652174,0.05904,0.00024,0.319644,0.165146666666667,0.0149866666666667,0.09624,0.00384,0.023928,0.01095
"other spec visual disturbances",0.300338181818182,0.300338181818182,0.00096,0.00024,0.00024,0.152695384615385,0.152695384615385,0.01788,0.150458181818182,0.09897,0.0898285714285714,0.169168,0.06608,0.06608,0.300338181818182,0.46136347826087,0.24648,0.64323,0.240367058823529,0.107893333333333,0.240367058823529,0.150458181818182,0.24648,0.169168
"other subj visual disturb",0.786907826086956,0.786907826086956,0.00008,0.00008,0.00008,0.35559,0.35559,0.01488,0.294981818181818,0.08008,0.035568,0.38244705882353,0.162936,0.139386666666667,0.84417,0.786907826086956,0.139386666666667,0.786907826086956,0.786907826086956,0.35559,0.71184,0.122502857142857,0.35559,0.35559
"other vitreous opacities",0.67523,0.35103652173913,0.00008,0.00008,0.00008,0.053208,0.05224,0.00168,0.0191142857142857,0.00397714285714286,0.00397714285714286,0.03258,0.010728,0.00744,0.15144,0.053208,0.00970666666666667,0.19776,0.0375952941176471,0.01342,0.0191142857142857,0.00397714285714286,0.019744,0.0107781818181818
"other/unspec eye injuries",0.60562,0.133429090909091,0.00004,0.00004,0.00004,0.0180533333333333,0.0207915789473684,0.00004,0.001712,0.000346666666666667,0.00004,0.00109714285714286,0.00086,0.000501818181818182,0.161822608695652,0.0375314285714286,0.000137142857142857,0.00601411764705882,0.031584,0.00109714285714286,0.002175,0.00021,0.000456,0.00004
"other/unspec heterotropia",0.703293913043478,0.8053,0.00008,0.00008,0.00008,0.31008,0.04012,0.00054,0.0523957894736842,0.00336,0.00147428571428571,0.030945,0.0067,0.0131828571428571,0.502385454545454,0.04012,0.00147428571428571,0.415485714285714,0.00696,0.00216,0.020128,0.000624,0.00534545454545454,0.00189
"other/unspec peripheral retinal degeneration",0.476587826086957,0.8178,0.00008,0.00008,0.00008,0.06714,0.29072,0.00246,0.265452631578947,0.000822857142857143,0.00044,0.03648,0.00087,0.00235636363636364,0.476587826086957,0.0702494117647059,0.000336,0.284748,0.07368,0.0479657142857143,0.06528,0.0003,0.00204,0.00165333333333333
"other/unspec retinal disorders",0.46506,0.341144347826087,0.00008,0.00008,0.00008,0.050992,0.0912757894736842,0.00444,0.0912757894736842,0.01546,0.00705,0.04764,0.012,0.0158769230769231,0.200290909090909,0.10668,0.00705,0.200290909090909,0.06576,0.0127854545454545,0.0685976470588235,0.006192,0.00952,0.00705
"other/unspec strabismus",0.16588,0.0146504347826087,0.000024,0.000024,0.000024,0.000048,0.000048,0.000024,0.00004,0.000024,0.000024,0.00147272727272727,0.00004,0.000024,0.000266666666666667,0.000628571428571429,0.000024,0.000290526315789474,0.000048,0.000024,0.0000847058823529412,0.000024,0.000312,0.00006
"panophthalmitis",0.24051,0.24051,0.06336,0.00042,0.0016,0.0517515789473684,0.0672342857142857,0.04884,0.00761142857142857,0.000693333333333333,0.00111272727272727,0.04884,0.107029090909091,0.000693333333333333,0.02652,0.00761142857142857,0.00016,0.001104,0.009392,0.000693333333333333,0.000693333333333333,0.00016,0.000693333333333333,0.00016
"panuveitis",0.68456347826087,0.19256,0.00008,0.00008,0.00008,0.70871,0.305491764705882,0.00102,0.27255,0.0140228571428571,0.00652,0.133938461538462,0.061032,0.00652,0.527607272727273,0.527607272727273,0.02505,0.527607272727273,0.5122,0.133938461538462,0.527607272727273,0.03032,0.19256,0.09648
"papilledema",0.307554285714286,0.43208,0.00024,0.00012,0.00012,0.148506666666667,0.218968421052632,0.0185142857142857,0.141698823529412,0.0236533333333333,0.016752,0.12441,0.026424,0.0575,0.341071304347826,0.341071304347826,0.0338181818181818,0.244584,0.119936,0.0767630769230769,0.113091428571429,0.01014,0.02136,0.0185142857142857
"PDR w/ DME",0.52354,0.108152727272727,0.00006,0.00006,0.00006,0.08442,0.0158682352941176,0.00006,0.013408,0.00304,0.00129,0.0536933333333333,0.003264,0.00092,0.0709263157894737,0.0963542857142857,0.00427636363636364,0.182389565217391,0.013455,0.00126857142857143,0.00846857142857143,0.00092,0.00846857142857143,0.00846857142857143
"PDR w/o DME",0.818911304347826,0.711965714285714,0.00008,0.00008,0.00008,0.84168,0.69884,0.0024,0.24916,0.00744,0.01204,0.554117647058824,0.100056,0.03744,0.709692631578947,0.554117647058824,0.0992266666666667,0.711965714285714,0.78576,0.207207272727273,0.554117647058824,0.0302742857142857,0.32748,0.32748
"PDR, stable",0.683535,0.770376,0.00008,0.00008,0.00008,0.96423,0.64152,0.187549090909091,0.775977142857143,0.00748,0.177093333333333,0.790904347826087,0.006816,0.34346,0.770376,0.0945942857142857,0.187549090909091,0.790904347826087,0.15045,0.64152,0.7468,0.00402,0.64152,0.7468
"posterior synechiae (iris)",0.65294,0.186772173913043,0.00006,0.00006,0.00006,0.00206,0.000613333333333333,0.00006,0.001128,0.000613333333333333,0.000308571428571429,0.0433142857142857,0.01036,0.00275076923076923,0.0464290909090909,0.039828,0.00012,0.0251873684210526,0.00376,0.00376,0.00522352941176471,0.00012,0.00141818181818182,0.00387
"posterior uveitis",0.683184,0.98135,0.00008,0.00008,0.00008,0.98135,0.9752,0.0012,0.98135,0.01028,0.003216,0.9752,0.06072,0.1352,0.641963076923077,0.98135,0.0185485714285714,0.278443636363636,0.84651,0.98135,0.30854,0.14964,0.683184,0.98135
"PRAO",0.24098,0.119895652173913,0.0000184615384615385,0.0000184615384615385,0.0000184615384615385,0.000648,0.00193142857142857,0.0000184615384615385,0.0000564705882352941,0.0000184615384615385,0.0000184615384615385,0.0000564705882352941,0.0000184615384615385,0.0000184615384615385,0.00213818181818182,0.0000184615384615385,0.0000184615384615385,0.000290526315789474,0.000048,0.0000184615384615385,0.0000933333333333333,0.0000184615384615385,0.0000342857142857143,0.0000184615384615385
"presbyopia",0.44438,0.1672,0.00008,0.00008,0.00008,0.03742,0.08916,0.00072,0.059445,0.0105381818181818,0.00984,0.0712094117647059,0.0105381818181818,0.0105381818181818,0.256996363636364,0.08916,0.0105381818181818,0.339537391304348,0.04872,0.0105381818181818,0.0431261538461538,0.007536,0.0712533333333333,0.0446914285714286
"prosthetic/implant/graft other mech compl",0.00382666666666667,0.00186352941176471,0.0000184615384615385,0.0000184615384615385,0.0000184615384615385,0.0665217391304348,0.0290057142857143,0.0000184615384615385,0.20973,0.0000184615384615385,0.0000184615384615385,0.00502736842105263,0.0000184615384615385,0.0000184615384615385,0.000032,0.0000184615384615385,0.0000184615384615385,0.009996,0.00057,0.0000184615384615385,0.0393272727272727,0.0000184615384615385,0.0000184615384615385,0.000032
"pterygium",0.70848,0.72719,0.00006,0.00006,0.00006,0.00064,0.00193714285714286,0.00006,0.00408,0.000102857142857143,0.000096,0.00408,0.000696,0.00193714285714286,0.183196363636364,0.05592,0.00039,0.175668571428571,0.0119242105263158,0.00446117647058824,0.00705333333333333,0.000102857142857143,0.00134,0.00072
"ptosis",0.99446,0.462305454545455,0.00006,0.00006,0.00006,0.0216738461538462,0.02158,0.00006,0.00168,0.00092,0.00092,0.0271714285714286,0.008808,0.00717333333333333,0.462305454545455,0.25884,0.0212072727272727,0.705307826086956,0.148105263157895,0.04563,0.0900666666666667,0.00573,0.0592941176470588,0.04563
"puckering of macula",0.76597,0.33024,0.00002,0.00002,0.00002,0.0284342857142857,0.0379090909090909,0.00002,0.00254117647058824,0.00002,0.00002,0.000144,0.00002,0.00002,0.0284342857142857,0.0000553846153846154,0.00002,0.0102063157894737,0.00254117647058824,0.000144,0.00609333333333333,0.00002,0.00002,0.00002
"pupillary function anomalies",0.490121739130435,0.0755152941176471,0.00008,0.00008,0.00008,0.00544,0.0104072727272727,0.00018,0.0032,0.001392,0.00453,0.051392,0.0333085714285714,0.00756,0.0803333333333333,0.110052,0.0755152941176471,0.62126,0.23328,0.0210461538461538,0.01992,0.00453,0.120365714285714,0.110052
"RD w/ breaks or defects",0.0414857142857143,0.996573913043478,0.00004,0.00004,0.00004,0.624250909090909,0.02722,0.00176727272727273,0.9989,0.00004,0.00015,0.624250909090909,0.00004,0.0410215384615385,0.264776470588235,0.000102857142857143,0.000293333333333333,0.264776470588235,0.00176727272727273,0.346231578947368,0.269386666666667,0.00004,0.138192,0.624250909090909
"RD, other",0.97062,0.738845217391304,0.0000342857142857143,0.0000342857142857143,0.0000342857142857143,0.563897142857143,0.1416,0.0000342857142857143,0.00404571428571429,0.00006,0.0000342857142857143,0.00404571428571429,0.000336,0.000545454545454545,0.735752727272727,0.030765,0.0000342857142857143,0.194046315789474,0.290448,0.008928,0.194046315789474,0.0000342857142857143,0.000293333333333333,0.00238
"RD, serous",0.0000184615384615385,0.0258666666666667,0.0000184615384615385,0.0000184615384615385,0.0000184615384615385,0.94322,0.0000184615384615385,0.0000184615384615385,0.903140869565217,0.0000184615384615385,0.0000184615384615385,0.405741818181818,0.0000184615384615385,0.0000514285714285714,0.247812,0.0000184615384615385,0.0000184615384615385,0.323382857142857,0.0000184615384615385,0.005325,0.0214305882352941,0.0000184615384615385,0.001504,0.213701052631579
"RD, traction",0.05902,0.417574736842105,0.00006,0.00006,0.00006,0.498708571428571,0.113296,0.000617142857142857,0.498708571428571,0.000288,0.00462,0.261813333333333,0.00006,0.100354285714286,0.115807058823529,0.018408,0.0167466666666667,0.11508,0.0834646153846154,0.499112727272727,0.05902,0.00036,0.598758260869565,0.79135
"recession of chamber angle",0.928726956521739,0.93421,0.00008,0.00008,0.00008,0.557955,0.547952,0.000768,0.910594285714286,0.257978181818182,0.00018,0.928726956521739,0.24636,0.09525,0.584851764705882,0.703288421052632,0.0896914285714286,0.910594285714286,0.514714285714286,0.112613333333333,0.605693333333333,0.02288,0.28504,0.313273846153846
"retained foreign body - eyelid",0.348857142857143,0.153222857142857,0.00024,0.00024,0.00048,0.908462608695652,0.348857142857143,0.04098,0.658570909090909,0.075,0.250752,0.600253333333333,0.658570909090909,0.250752,0.24402,0.053088,0.658570909090909,0.342,0.557265,0.404016,0.600253333333333,0.328887272727273,0.98344,0.658570909090909
"retained IOFB, nonmagnetic",0.0000514285714285714,0.0000514285714285714,0.000024,0.000024,0.000024,0.000113684210526316,0.000075,0.000024,0.0000988235294117647,0.000024,0.000106666666666667,0.000365714285714286,0.000024,0.000024,0.02045,0.000024,0.000064,0.00233454545454545,0.0000514285714285714,0.0000436363636363636,0.00264,0.000024,0.000024,0.000132
"retinal breaks or defects w/o RD",0.40196,0.344118260869565,0.00008,0.00008,0.00008,0.201577142857143,0.145035789473684,0.011328,0.094695,0.01728,0.011328,0.0217,0.01728,0.01752,0.201577142857143,0.107453333333333,0.019128,0.210021818181818,0.065376,0.0292984615384615,0.107453333333333,0.019128,0.0475542857142857,0.01992
"retinal edema",0.104451428571429,0.287866666666667,0.00008,0.00008,0.00008,0.318568421052632,0.0238909090909091,0.003216,0.201795,0.0012,0.01065,0.497724,0.00781714285714286,0.0831692307692308,0.539394285714286,0.01368,0.01192,0.74798,0.0484,0.114864,0.706278260869565,0.00781714285714286,0.274927058823529,0.680192727272727
"retinal hemorrhage",0.00712,0.0126494117647059,0.00003,0.00003,0.00003,0.00008,0.00003,0.00003,0.349330909090909,0.0000436363636363636,0.0000436363636363636,0.15534,0.00003,0.0000923076923076923,0.0144252631578947,0.00003,0.00003,0.007755,0.0000436363636363636,0.0144252631578947,0.5738,0.00012,0.349330909090909,0.445857391304348
"retinal ischemia",0.03297,0.00223304347826087,0.0000184615384615385,0.0000184615384615385,0.0000184615384615385,0.0000378947368421053,0.000217142857142857,0.0000184615384615385,0.000272727272727273,0.0000184615384615385,0.0000184615384615385,0.000072,0.0000184615384615385,0.0000184615384615385,0.0000378947368421053,0.0000378947368421053,0.0000184615384615385,0.0000378947368421053,0.0000342857142857143,0.0000184615384615385,0.0000378947368421053,0.0000184615384615385,0.0000184615384615385,0.0000184615384615385
"retinal microaneurysms",0.000905454545454545,0.00776,0.00002,0.00002,0.00002,0.000156,0.00002,0.00002,0.0000423529411764706,0.00002,0.00002,0.00002,0.00002,0.000032,0.000388571428571429,0.00002,0.00002,0.00096,0.000032,0.0000423529411764706,0.000126315789473684,0.00002,0.000032,0.0000666666666666667
"retinal neovascularization",0.460845,0.825401739130435,0.00352,0.00024,0.00024,0.93658,0.40464,0.31632,0.825401739130435,0.1377,0.350530909090909,0.687247058823529,0.31632,0.825401739130435,0.350530909090909,0.37654,0.41784,0.34984,0.825401739130435,0.699853333333333,0.31632,0.31632,0.825401739130435,0.460845
"retinal telangiectasis",0.171473684210526,0.66705,0.00006,0.00006,0.00006,0.665050434782609,0.050016,0.0018,0.095195294117647,0.00006,0.00161142857142857,0.0492369230769231,0.00161142857142857,0.06684,0.395803636363636,0.012288,0.050016,0.395803636363636,0.012288,0.0492369230769231,0.177804,0.000432,0.15628,0.0236509090909091
"retinal vascular changes",0.29486,0.110476363636364,0.00006,0.00006,0.00006,0.0682857142857143,0.16623652173913,0.00255428571428571,0.066852,0.00216,0.00045,0.0652533333333333,0.00715764705882353,0.00230769230769231,0.066852,0.0028,0.00012,0.00351,0.00230769230769231,0.00222545454545455,0.00072,0.00006,0.000342857142857143,0.00012
"retinal vasculitis",0.441098181818182,0.99197,0.00008,0.00008,0.00008,0.0596571428571429,0.09027,0.00015,0.368262857142857,0.00015,0.00015,0.34296,0.001392,0.08584,0.00015,0.04408,0.0469292307692308,0.00012,0.34296,0.5844,0.001392,0.0197236363636364,0.292746666666667,0.129289411764706
"retinoschisis / retinal cysts",0.417318260869565,0.43215,0.00016,0.00012,0.00012,0.266705454545455,0.266705454545455,0.0152533333333333,0.11368,0.01476,0.00696,0.0265,0.012048,0.01476,0.19776,0.11368,0.01476,0.246336,0.066176,0.04644,0.11368,0.0226036363636364,0.0272123076923077,0.018432
"retrolental fibroplasia",0.85592,0.954632727272727,0.00064,0.00012,0.00012,1,0.386777142857143,0.678945,0.302133333333333,0.302133333333333,0.0165,0.386777142857143,0.302133333333333,0.97575652173913,0.678945,0.952994285714286,0.321709090909091,0.36094,0.066,0.87666947368421,0.22452,0.321709090909091,0.85592,0.952994285714286
"ROP, stage 0",0.0000266666666666667,0.00550285714285714,0.0000266666666666667,0.0000266666666666667,0.0000266666666666667,0.03678,0.0000266666666666667,0.000096,0.03678,0.0000266666666666667,0.000130909090909091,0.220774736842105,0.0000266666666666667,0.000221538461538462,0.110908235294118,0.0000266666666666667,0.139306666666667,0.354264,0.00016,0.49968,0.845738181818182,0.0000266666666666667,0.926086956521739,0.93244
"ROP, stage 1",0.312021818181818,0.277013333333333,0.11672,0.079824,0.079824,0.519093333333333,0.3357,0.06752,0.796413913043478,0.656434285714286,0.06752,0.363156923076923,0.53496,0.171977142857143,0.519093333333333,0.06752,0.18708,0.301032,0.97919,0.519093333333333,0.406302857142857,0.519093333333333,0.702610909090909,0.652524
"ROP, stage 2",0.12152,0.907807058823529,0.907807058823529,0.12152,0.60352,0.98357,0.907807058823529,0.907807058823529,0.98357,0.907807058823529,0.907807058823529,0.16452,0.16452,0.907807058823529,0.95952,0.16452,0.98357,0.12152,0.760416,0.46083,0.446845714285714,0.98357,0.90824,0.925844210526316
"ROP, stage 3",0.661750588235294,0.498192,0.661750588235294,0.00048,0.09824,1,0.00132,0.792114285714286,0.498192,0.947738181818182,0.587483076923077,0.259165714285714,0.72,0.518007272727273,0.21246,0.661750588235294,0.48216,0.216816,0.259165714285714,1,0.661750588235294,0.792114285714286,0.54126,0.750214736842105
"ROP, stage unspec",0.56706,0.177072,0.46048,0.00024,0.01584,1,1,0.812845714285714,1,0.690168,0.812845714285714,1,1,0.09792,0.07168,0.995968,1,0.662453333333333,1,0.812845714285714,0.812845714285714,0.483085714285714,1,1
"RPE detachment, hemorrhagic",0.97845,0.714746666666667,0.13944,0.00216,0.368293333333333,0.767343157894737,0.687247058823529,0.239622857142857,0.778625454545454,0.687247058823529,0.39672,0.778625454545454,0.0732,0.39672,0.778625454545454,0.665744,0.17844,0.965540869565217,0.39672,0.17844,0.563142857142857,0.08712,0.35712,0.39672
"RPE detachment, serous",0.1984,0.0623895652173913,0.0000171428571428571,0.0000171428571428571,0.0000171428571428571,0.00292363636363636,0.000375,0.0000171428571428571,0.000550588235294118,0.0000171428571428571,0.0000171428571428571,0.00064,0.0000171428571428571,0.0000171428571428571,0.000852,0.000032,0.0000171428571428571,0.00114285714285714,0.0000171428571428571,0.0000171428571428571,0.000852,0.0000171428571428571,0.0000171428571428571,0.0000171428571428571
"scleritis",0.870187826086956,0.43348,0.00008,0.00008,0.00008,0.0209236363636364,0.138048,0.000336,0.161895,0.00364,0.00018,0.469591578947368,0.01512,0.01512,0.653611428571428,0.98196,0.00582857142857143,0.820047272727273,0.640572,0.10572,0.210762352941176,0.0138,0.0239,0.0710769230769231
"secondary uveitis - infectious",0.232885714285714,0.511768421052632,0.00168,0.00024,0.00552,0.74486,0.388065,0.06543,0.310736,0.13328,0.06543,0.418186666666667,0.06543,0.122203636363636,0.533247272727273,0.533247272727273,0.06402,0.713509565217391,0.533247272727273,0.232885714285714,0.417656470588235,0.0772,0.106584,0.06543
"secondary uveitis - noninfectious",0.70364,0.276500869565217,0.000048,0.000048,0.000048,0.000184615384615385,0.00018,0.000048,0.00018,0.000048,0.0000685714285714286,0.00405473684210526,0.00018,0.000464,0.13112,0.04266,0.000308571428571429,0.249578181818182,0.00258666666666667,0.00165176470588235,0.00165176470588235,0.0000685714285714286,0.000106666666666667,0.00009
"superficial punctate keratitis",0.77266,0.502747826086957,0.00006,0.00006,0.00006,0.0590933333333333,0.03144,0.000192,0.0120342857142857,0.00338666666666667,0.00338666666666667,0.0620336842105263,0.00652363636363636,0.015024,0.502747826086957,0.131928,0.003456,0.215965714285714,0.0463341176470588,0.0120184615384615,0.0120184615384615,0.00006,0.00338666666666667,0.00108
"sympathetic uveitis",0.10875,0.102016,0.00024,0.00024,0.0018,0.35904,0.1496,0.00088,0.04704,0.04704,0.04704,0.205465263157895,0.036744,0.0276,0.128950588235294,1,0.497072727272727,0.623885217391304,0.0870342857142857,0.013392,0.0276,0.0238285714285714,0.250596,0.014
"toxoplasma oculopathy",0.95461,0.34512,0.00003,0.00003,0.00003,0.101064,0.0112933333333333,0.000130909090909091,0.102045714285714,0.0000533333333333333,0.00003,0.00016,0.00003,0.00195428571428571,0.02112,0.00948705882352941,0.00003,0.006585,0.006416,0.00003,0.188945454545455,0.00003,0.000096,0.000203076923076923
"transient visual loss",0.96723,0.71028,0.00012,0.00012,0.00024,0.676572631578947,0.886914782608696,0.125712,0.413421176470588,0.18006,0.20592,0.413421176470588,0.1776,0.18006,0.844285714285714,0.676572631578947,0.20592,0.886914782608696,0.413421176470588,0.413421176470588,0.20592,0.08544,0.20592,0.3048
"TRAO",0.664304,0.387230769230769,0.00008,0.00008,0.00008,0.63948,0.88406,0.291730909090909,0.23583,0.32136,0.00036,0.67233,0.852392727272727,0.73794,0.273096,0.757577142857143,0.73794,0.07748,0.07748,0.263413333333333,0.73794,0.88406,0.176777142857143,0.73794
"trichiasis w/o entropion",0.62714,0.224705454545455,0.00008,0.00008,0.00008,0.221314285714286,0.017984,0.00018,0.00445333333333333,0.001296,0.00209142857142857,0.0476933333333333,0.005136,0.00445333333333333,0.21144,0.0782526315789474,0.00722,0.456229565217391,0.025125,0.00722,0.00963428571428571,0.00209142857142857,0.0348141176470588,0.00812307692307692
"trochlear nerve palsy",0.54204,0.544841739130435,0.00008,0.00008,0.00008,0.326538947368421,0.090944,0.00402,0.134013333333333,0.0156342857142857,0.0046,0.108974117647059,0.01848,0.0311345454545455,0.428604,0.456171428571429,0.03258,0.62478,0.090944,0.0392307692307692,0.108974117647059,0.00456,0.0311345454545455,0.0231466666666667
"unspec DR w/ DME",0.120328421052632,0.204777142857143,0.0684533333333333,0.00016,0.017925,0.144492,0.370254545454545,0.59888,0.579245217391304,0.0375388235294118,0.01248,0.00024,0.00936,0.014288,0.00024,0.000192,0.00116,0.00012,0.00024,0.000192,0.000408,0.000741818181818182,0.00012,0.00024
"unspec DR w/o DME",0.19584,0.689676,0.0016,0.00012,0.00012,0.689676,0.97071,0.49161,0.621824,0.55824,0.689676,0.55824,0.635985882352941,0.953050909090909,0.62154,0.97071,0.62154,0.49161,0.13914,0.28836,0.635985882352941,0.942251428571428,0.621824,0.621824
"unspec macular degeneration",0.458586666666667,0.880215652173913,0.00008,0.00008,0.00008,0.226346666666667,0.342775384615385,0.02106,0.350208,0.022224,0.03256,0.402885,0.17133,0.17133,0.58356,0.92308,0.342775384615385,0.342775384615385,0.458586666666667,0.554298947368421,0.342775384615385,0.728891428571428,0.751101818181818,0.346594285714286
"venous engorgement",0.206285217391304,0.26933,0.0000171428571428571,0.0000171428571428571,0.0000171428571428571,0.000133333333333333,0.002256,0.0000171428571428571,0.0000171428571428571,0.0000171428571428571,0.0000171428571428571,0.0000171428571428571,0.000032,0.00297818181818182,0.00268571428571429,0.000112941176470588,0.0000171428571428571,0.00009,0.002256,0.0000171428571428571,0.0000171428571428571,0.0000171428571428571,0.0000171428571428571,0.0000171428571428571
"visual cortex disorders",0.57535,0.57535,0.00008,0.00008,0.00008,0.10293,0.188266666666667,0.000768,0.107971764705882,0.00746666666666667,0.00746666666666667,0.24048,0.24048,0.0310892307692308,0.303611428571429,0.447,0.009816,0.066208,0.0344228571428571,0.00746666666666667,0.0310892307692308,0.00042,0.00746666666666667,0.0249818181818182
"visual field defects",0.68759,0.403815652173913,0.00004,0.00004,0.00004,0.0294635294117647,0.0373642105263158,0.00004,0.0008,0.00004,0.0000685714285714286,0.010035,0.00048,0.000432,0.381850909090909,0.151008,0.00016,0.204422857142857,0.0297466666666667,0.004896,0.00324,0.00004,0.00103384615384615,0.00016
"visual loss",0.002772,0.00003,0.00003,0.00003,0.00003,0.000166153846153846,0.000672,0.0000872727272727273,0.01724,0.002772,0.00595826086956522,0.00434285714285714,0.00012,0.00003,0.00003,0.00003,0.00003,0.00024,0.0000872727272727273,0.0000872727272727273,0.002772,0.00148235294117647,0.0048,0.000915
"vitreomacular adhesion",0.47792,0.216828,0.00006,0.00006,0.00006,0.0981466666666667,0.103717894736842,0.000274285714285714,0.05211,0.000144,0.00006,0.0306685714285714,0.000586666666666667,0.000624,0.47792,0.043952,0.00016,0.280516363636364,0.0896329411764706,0.0306685714285714,0.280516363636364,0.000586666666666667,0.00248727272727273,0.00868
"vitreous body crystalline deposits",0.83992,0.688601739130435,0.0000342857142857143,0.0000342857142857143,0.0000342857142857143,0.0132378947368421,0.02272,0.0000342857142857143,0.003312,0.00015,0.0000342857142857143,0.00432,0.000327272727272727,0.000186666666666667,0.0523963636363636,0.00508235294117647,0.0000342857142857143,0.02272,0.00890666666666667,0.00158769230769231,0.003312,0.0000342857142857143,0.000312,0.0004
"vitreous degeneration",0.93859,0.540573913043478,0.00003,0.00003,0.00003,0.0421894736842105,0.043008,0.00003,0.01266,0.00003,0.00003,0.002368,0.000048,0.0000872727272727273,0.172996363636364,0.00134769230769231,0.00003,0.0889942857142857,0.0131435294117647,0.002368,0.0231066666666667,0.00003,0.000048,0.00012
"vitreous hemorrhage",0.05244,0.362715789473684,0.00008,0.00008,0.00008,0.362715789473684,0.00291,0.00096,0.475074285714286,0.00012,0.00298666666666667,0.388368,0.0004,0.0140676923076923,0.87568,0.00521454545454545,0.006,0.87568,0.004512,0.144315,0.87568,0.000144,0.072176,0.202221176470588
"vitreous membranes/strands",0.001616,0.014016,0.000024,0.000024,0.000024,0.00567529411764706,0.000024,0.000024,0.000024,0.00004,0.00048,0.0198628571428571,0.000024,0.000129230769230769,0.01344,0.000024,0.00004,0.014016,0.000024,0.02736,0.0523408695652174,0.000024,0.21279,0.005625
"vitreous prolapse",0.597325714285714,0.582552,0.00072,0.00012,0.00012,0.388016,0.122133333333333,0.11511,0.451750588235294,0.111737142857143,0.11096,0.388016,0.11096,0.11096,0.88183,0.388016,0.388016,0.804260869565217,0.567866666666667,0.582552,0.804260869565217,0.377976,0.388016,0.426
"wet AMD, active CNV",0.23692,0.0807443478260869,0.000024,0.000024,0.000024,0.00230666666666667,0.000784,0.000024,0.005376,0.0000436363636363636,0.000024,0.0172363636363636,0.000024,0.000024,0.0152114285714286,0.00177,0.000024,0.00472421052631579,0.0000553846153846154,0.000024,0.00184941176470588,0.000024,0.0000553846153846154,0.000154285714285714
"wet AMD, inactive CNV",0.263152941176471,0.863814545454545,0.0000342857142857143,0.0000342857142857143,0.0000342857142857143,0.826982857142857,0.00066,0.00012,0.263533333333333,0.0000342857142857143,0.0000342857142857143,0.301907368421053,0.0000342857142857143,0.0401169230769231,0.5229,0.000312,0.00066,0.95856,0.000133333333333333,0.253485,0.895179130434783,0.0000342857142857143,0.11988,0.253485
"wet AMD, inactive scar",0.78169,0.605062857142857,0.00012,0.00012,0.00032,0.774793043478261,0.451225263157895,0.007536,0.23649,0.007536,0.01196,0.23649,0.0170666666666667,0.01383,0.483936,0.278202352941177,0.047544,0.755596363636364,0.23649,0.0514254545454545,0.31956,0.01383,0.202246153846154,0.19836
"xanthelasma",0.97212,0.811243636363636,0.00008,0.00008,0.00008,0.01456,0.043032,0.000768,0.108387692307692,0.043032,0.00036,0.235815,0.0765163636363636,0.19544,0.618937142857143,0.387744,0.19544,0.97212,0.247835294117647,0.306821052631579,0.25736,0.0186514285714286,0.043032,0.108387692307692
"zoster ocular disease",0.229389473684211,0.229389473684211,0.0724,0.00048,0.0724,0.379711304347826,0.249288,0.229389473684211,0.229389473684211,0.178128,0.16248,0.186567272727273,0.16248,0.16248,0.6413,0.229389473684211,0.229389473684211,0.334845714285714,0.229389473684211,0.379711304347826,0.229389473684211,0.16248,0.16248,0.16248
